Plate No,Vehicle Type,Status
ALR DXB 19362 F,Compact Crossover,Hired
ALR DXB 19407 F,Compact Crossover,Hired
ALR DXB 19441 F,Compact Crossover,Hired
ALR DXB 19543 F,Compact Crossover,Hired
ALR DXB 40476 W,Economy Elite Sedan,Hired
ALR DXB 40538 W,Economy Elite Sedan,Hired
ALR DXB 41684 W,Mid SUV,Available
ALR DXB 41850 W,Mid SUV,Hired
ALR DXB 41860 W,Mid SUV,Hired
ALR DXB 42070 W,Economy Elite Sedan,Hired
ALR DXB 42094 W,Economy Elite Sedan,Hired
ALR DXB 42250 W,Mid SUV,Hired
ALR DXB 42290 W,Mid SUV,Hired
ALR DXB 53295 G,Mid Size Sedan,Hired
ALR DXB 68931 E,Mid Size Sedan,Hired
ALR DXB 76186 G,Compact Crossover,Hired
AM AUH12 21585,Economy Elite Sedan,Available
AM AUH12 21588,Economy Elite Sedan,Hired
AM AUH12 21591,Economy Elite Sedan,Hired
AM AUH12 21592,Economy Elite Sedan,Hired
AM AUH12 75205,Mid SUV,Available
AM AUH14 81601,Compact Crossover,Hired
AM AUH17 61046,Mid SUV,Hired
AM AUH18 43518,Economy Elite Sedan,Available
AM AUH18 43604,Economy Elite Sedan,Available
AM AUH18 43610,Economy Elite Sedan,Hired
AM AUH18 45131,Economy Elite Sedan,Not Ready
AM AUH18 45134,Economy Elite Sedan,Available
AM AUH18 58429,Economy Elite Sedan,Hired
AM AUH18 62434,Economy Elite Sedan,Available
AM AUH18 74543,Mid SUV,Available
AM AUH18 94651,Compact Crossover,Hired
AM AUH18 94981,Compact Crossover,Workshop
AM AUH18 95483,Mid SUV,Hired
AM AUH19 27636,Economy Elite Sedan,Available
AM AUH19 27639,Economy Elite Sedan,Available
AM AUH19 27640,Economy Elite Sedan,Available
AM AUH19 27641,Economy Elite Sedan,Available
AM AUH19 27643,Economy Elite Sedan,Hired
AM AUH19 51173,Economy Elite Sedan,Available
AM AUH19 52367,Economy Elite Sedan,Available
AM AUH7 67543,Compact Crossover,Available
AM AUH7 82964,Compact Crossover,Hired
AM AUH9 68539,Compact Crossover,Hired
AM AUH9 68545,Compact Crossover,Hired
AM AUH9 68613,Compact Crossover,Available
AM AUH9 68707,Compact Crossover,Available
AM AUH9 68772,Mid SUV,Available
AM DXB 12629 X,Mid Size Sedan,Hired
AN DXB 16298 Y,Large SUV,Hired
AN DXB 22168 AA,Premium Elite SUV,Hired
AN DXB 22172,Premium Elite SUV,Not Ready
AN DXB 22176 AA,Premium Elite SUV,Hired
AN DXB 22179 AA,Premium Elite SUV,Hired
AN DXB 26531 S,Premium,Hired
AN DXB 26537 S,Premium,Hired
AN DXB 26539 Y,Premium Crossover,Available
AN DXB 26581 S,Premium,Hired
AN DXB 27585 N,Premium Elite SUV,Hired
AN DXB 28960 Y,Premium Crossover,Hired
AN DXB 29267 U,Premium Elite SUV,Hired
AN DXB 29618 U,Premium Elite SUV,Hired
AN DXB 31935 Y,Premium Crossover,Hired
AN DXB 32907 Y,Premium Crossover,Hired
AN DXB 34059 Y,Premium Crossover,Hired
AN DXB 35576 K,Premium Crossover,Hired
AN DXB 37081 K,Premium,Workshop
AN DXB 37095 K,Premium,NRM
AN DXB 45327 N,Premium,Hired
AN DXB 45407 N,Premium,Available
AN DXB 46002 N,Premium,Hired
AN DXB 46032 N,Premium,Hired
AN DXB 48339 F,Premium Crossover,Hired
AN DXB 52360 F,Premium Crossover,Hired
AN DXB 53877 O,Premium Crossover,Available
AN DXB 53890 O,Premium Crossover,Hired
AN DXB 53893 O,Premium Crossover,Available
AN DXB 54614 O,Premium Crossover,Hired
AN DXB 54626 O,Premium Crossover,Hired
AN DXB 58130,Premium Crossover,Hired
AN DXB 58281 F,Premium Crossover,Hired
AN DXB 63957 Z,Premium Elite SUV,Hired
AN DXB 64456 Z,Premium Elite SUV,Hired
AN DXB 65166 F,Premium Crossover,Hired
AN DXB 73206 F,Premium Crossover,Hired
AN DXB 74380 B,Large SUV,Hired
AN DXB 74418 B,Large SUV,Hired
AN DXB 78433 F,Premium Crossover,Hired
AN DXB 89617 B,Large SUV,Hired
AN DXB 91149 U,Premium,Available
AN DXB 91628 U,Premium,Available
AN DXB 92559 U,Premium,Available
AN DXB 96281 B,Large SUV,Not Ready
AN DXB 97716 C,Premium,Hired
AN DXB27574 N,Premium Elite SUV,Total Loss
ANP DXB 42558 B,Premium Crossover,Not Ready
ANP DXB 42559 B,Mid Crossover,Workshop
ANP DXB 42562 B,Premium Crossover,Hired
ANP DXB 42563 B,Premium Crossover,Hired
ANP DXB 42595 B,Premium Crossover,Hired
ANP DXB 58837 B,Mid Crossover,Available
ANP DXB 96402 K,Premium Crossover,Available
ANP DXB 96411 K,Premium Crossover,Available
ANP DXB 97482 K,Premium Crossover,Available
ANP DXB 97616 K,Premium Crossover,Hired
ANP DXB 98073 K,Premium Crossover,Available
ANP DXB 98177 K,Premium Crossover,Hired
ANP DXB 98854 K,Premium Crossover,Available
ANP DXB 99420 K,Premium Crossover,Hired
ANP DXB 99562 K,Premium Crossover,Custody
AR AUH15 71769,Economy,Hired
AR AUH10 61244,Large SUV,Hired
AR AUH10 61397,Large SUV,Workshop
AR AUH10 64371,Mid Size Sedan,Workshop
AR AUH15 41750,Large SUV,Hired
AR AUH15 96733,Economy,Hired
AR AUH18 80557,Economy,Hired
AR AUH18 80598,Economy,Hired
AR AUH18 80599,Economy,Total Loss
AR AUH5 78038,Economy,Hired
AR AUH5 78133,Economy,Hired
AR AUH5 79808,Economy,Hired
AR AUH6 59489,Economy,Hired
AR AUH6 59497,Economy,Hired
AR AUH6 86371,Economy,For Sale
AR AUH8 89713,Economy,Hired
AR AUH8 92190,Economy,Hired
AR DXB 12389 K,Economy Elite Sedan,Hired
AR DXB 12485 W,Economy,Hired
AR DXB 15788 W,Economy Elite Sedan,Hired
AR DXB 28526 I,Economy Elite Sedan,Available
AR DXB 32197 O,Economy Elite Sedan,Hired
AR DXB 33028 X,Economy Elite Sedan,Available
AR DXB 37193 D,Economy Elite Sedan,Available
AR DXB 43712 E,Economy Elite Sedan,Available
AR DXB 47511 D,Economy Elite Sedan,Workshop
AR DXB 48645 C,Economy Elite Sedan,Hired
AR DXB 53163 L,Economy Elite Sedan,Available
AR DXB 58037 Z,Economy Elite Sedan,Available
AR DXB 64589 L,Economy Elite Sedan,Hired
AR DXB 67163 K,Economy Elite Sedan,Hired
AR DXB 67172 K,Economy Elite Sedan,Hired
AR DXB 67175 K,Economy Elite Sedan,Available
AR DXB 67190 K,Economy Elite Sedan,Not Ready
AR DXB 68975 E,Economy Elite Sedan,Hired
AR DXB 69186 E,Economy Elite Sedan,Hired
AR DXB 69565 E,Economy Elite Sedan,Hired
AR DXB 96575 D,Economy Elite Sedan,Available
AV AUH10 50473,Mid Crossover,Available
AV AUH10 50482,Mid Crossover,Hired
AV AUH10 50621,Mid Crossover,Hired
AV AUH10 50648,Mid Crossover,Available
AV AUH13 48339,Compact Crossover,NRM
AV AUH13 48342,Compact Crossover,Hired
AV AUH13 48352,Compact Crossover,Hired
AV AUH13 48354,Compact Crossover,Hired
AV AUH13 48356,Compact Crossover,Hired
AV AUH13 74899,Economy Elite Sedan,Available
AV AUH14 28865,Mid Crossover,Hired
AV AUH14 28875,Mid Crossover,Hired
AV AUH14 28894,Mid Crossover,Hired
AV AUH15 38621,Mid Crossover,Hired
AV AUH15 38679,Mid Crossover,Hired
AV AUH15 42413,Mid Crossover,NRM
AV AUH15 93815,Economy,Available
AV AUH15 95508,Economy,Not Ready
AV AUH15 95910,Economy,Not Ready
AV AUH15 96312,Economy,Workshop
AV AUH15 96435,Economy,Hired
AV AUH15 96774,Economy,Hired
AV AUH15 96849,Economy,Hired
AV AUH15 97064,Economy,Hired
AV AUH17 61240,Mid SUV,Hired
AV AUH17 61308,Mid SUV,Total Loss
AV AUH17 61348,Mid SUV,Hired
AV AUH17 61360,Mid SUV,Hired
AV AUH17 61376,Mid SUV,Hired
AV AUH18 21276,Economy,Hired
AV AUH18 21279,Economy,Hired
AV AUH18 21283,Economy,Workshop
AV AUH18 21285,Economy,Not Ready
AV AUH18 21289,Economy,Not Ready
AV AUH18 21290,Economy,Hired
AV AUH18 21294,Economy,Not Ready
AV AUH18 21295,Economy,Hired
AV AUH18 21296,Economy,Workshop
AV AUH18 21297,Economy,Available
AV AUH18 21298,Economy,Total Loss
AV AUH18 21393,Economy,Hired
AV AUH18 49480,Mid SUV,Hired
AV AUH18 49975,Mid SUV,Available
AV AUH18 49976,Mid SUV,Hired
AV AUH18 49980,Mid SUV,Hired
AV AUH18 49981,Mid SUV,Available
AV AUH18 50117,Mid SUV,Available
AV AUH19 97518,Mid Size Sedan,Available
AV AUH19 97519,Mid Size Sedan,Not Ready
AV AUH19 97521,Mid Size Sedan,Hired
AV AUH19 97523,Mid Size Sedan,Hired
AV AUH19 97524,Mid Size Sedan,Hired
AV AUH5 54027,Economy,Available
AV AUH50 30148,Mid Crossover,Hired
AV AUH50 30279,Mid Crossover,Hired
AV AUH50 31075,Mid Crossover,Hired
AV AUH50 31297,Mid Crossover,Total Loss
AV AUH50 31689,Mid Crossover,Not Ready
AV AUH50 31748,Mid Crossover,Hired
AV AUH50 31845,Mid Crossover,Available
AV AUH50 32279,Mid Crossover,Total Loss
AV AUH50 35139,Mid Crossover,Total Loss
AV AUH50 56949,Economy,Hired
AV AUH8 79984,Mid Size Sedan,Hired
AV AUH8 80165,Mid Size Sedan,Hired
AV AUH8 80237,Mid Size Sedan,Hired
AV AUH8 80253,Mid Size Sedan,Hired
AV AUH8 80257,Mid Size Sedan,Available
AV AUH9 79419,Mid Crossover,Hired
BD AUH20 94083,Mid Crossover,Not Ready
BD AUH20 94089,Mid Crossover,Hired
BD AUH20 94092,Mid Crossover,Hired
BD AUH20 94096,Mid Crossover,Hired
BD AUH20 94097,Mid Crossover,Hired
BD AUH20 94098,Mid Crossover,Hired
BD AUH20 94101,Mid Crossover,Hired
BD AUH20 94102,Mid Crossover,Hired
BD AUH20 94104,Mid Crossover,Hired
BD AUH20 94106,Mid Crossover,Hired
BD AUH20 96246,Mid Crossover,Not Ready
BD AUH20 96247,Mid Crossover,Hired
BD AUH20 96249,Mid Crossover,Hired
BD AUH20 96252,Mid Crossover,Hired
BD AUH20 96887,Mid Crossover,Hired
CS DXB 10857 M,Mid Crossover,Hired
CS DXB 15029 L,Mid Crossover,Available
CS DXB 26425 B,Mid Size Sedan,Hired
CS DXB 26450 B,Mid Size Sedan,Hired
CS DXB 29402 B,Mid Size Sedan,Hired
CS DXB 50018 O,Mid Crossover,Hired
CS DXB 52243 O,Mid Crossover,Not Ready
CS DXB 65152 L,Mid Crossover,Available
CS DXB 98207 I,Large SUV,Hired
CW DXB 26461 G,APV,Pending Workshop Delivery
CW DXB 48772 K,Economy Elite Sedan,Hired
CW DXB 49013 V,Economy Elite Sedan,Available
CW DXB 49069 V,Economy Elite Sedan,Workshop
CW DXB 49128 G,APV,Hired
CW DXB 49423 V,Economy Elite Sedan,Total Loss
CW DXB 78114 H,APV,Hired
CW DXB 78128 H,APV,Not Ready
CW DXB 78135 H,APV,Hired
CW DXB 94688 K,Economy Elite Sedan,Available
FT DXB 16949 E,Economy,Hired
FT DXB 21967 N,Large SUV,Workshop
FT DXB 22187 N,Large SUV,Workshop
FT DXB 22854 V,Mid Size Sedan,Workshop
FT DXB 24737 M,Economy,Hired
FT DXB 24892 M,Economy,Not Ready
FT DXB 25032 U,Mid Size Sedan,Hired
FT DXB 25763 M,Economy,Hired
FT DXB 26164 M,Economy,Hired
FT DXB 28012 M,Economy,Workshop
FT DXB 28223 M,Economy,Hired
FT DXB 28769 M,Economy,Not Ready
FT DXB 29353 M,Economy,Hired
FT DXB 29413 M,Economy,Hired
FT DXB 29536 M,Economy,Hired
FT DXB 35168 G,Large SUV,Workshop
FT DXB 35198 G,Mid SUV,Not Ready
FT DXB 35229 G,Mid SUV,Not Ready
FT DXB 35251 G,Mid SUV,Available
FT DXB 35264 G,Mid SUV,Hired
FT DXB 35287 G,Mid SUV,Available
FT DXB 41453 D,Economy,Not Ready
FT DXB 49569 Z,Economy,Hired
FT DXB 54623 Z,Economy,Hired
FT DXB 54627 Z,Economy,Not Ready
FT DXB 54628 Z,Economy,Hired
FT DXB 54633 Z,Economy,Hired
FT DXB 54724 Y,Economy,Not Ready
FT DXB 54726 Y,Economy,Hired
FT DXB 54730 Y,Economy,Hired
FT DXB 54731 Y,Economy,Workshop
FT DXB 56098 N,Large SUV,Hired
FT DXB 59356 Y,Mid Size Sedan,Hired
FT DXB 61851 Z,Large SUV,Not Ready
FT DXB 70668 Z,Large SUV,Workshop
FT DXB 70671 Z,Large SUV,Hired
FT DXB 70672 Z,Large SUV,Hired
FT DXB 70674 Z,Large SUV,Hired
FT DXB 70675 Z,Large SUV,Hired
FT DXB 72012 Z,Economy,Not Ready
FT DXB 72018 Z,Economy,Available
FT DXB 72032 Z,Economy,Hired
FT DXB 72033 Z,Economy,Hired
FT DXB 72037 Z,Economy,Workshop
FT DXB 73318 Y,Economy,Available
FT DXB 73324 Y,Economy,Hired
FT DXB 73325 Y,Economy,Hired
FT DXB 73326 Y,Economy,Hired
FT DXB 73327 Y,Economy,Hired
FT DXB 73328 Y,Economy,Hired
FT DXB 73341 Y,Economy,Not Ready
FT DXB 73345 Y,Economy,Hired
FT DXB 77395 U,Economy,Hired
FT DXB 77418 U,Economy,Hired
FT DXB 77856 U,Economy,Hired
FT DXB 77938 U,Economy,NRM
FT DXB 78046 U,Economy,Hired
FT DXB 82370 AA,Mid Crossover,Available
FT DXB 82706 O,Large SUV,Hired
FT DXB 85330 U,Economy,Hired
FT DXB 85530 U,Economy,Not Ready
FT DXB 86263 U,Economy,Hired
FT DXB 86815 U,Economy,Not Ready
FT DXB 87415 C,Mid Size Sedan,Workshop
FT DXB 90335 Y,Large SUV,Hired
FT DXB 93350 C,Mid Size Sedan,Hired
FT DXB 98995 Y,Economy,Hired
FT DXB 99037 Y,Economy,Not Ready
FT DXB 99041 Y,Economy,Hired
FT DXB 99042 Y,Economy,Not Ready
FT DXB 99047 Y,Economy,Workshop
FT DXB 99764 C,Mid Size Sedan,Hired
LP AUH10 64129,Economy Elite Sedan,Available
LP AUH10 64169,Mid Size Sedan,Available
LP AUH11 22679,Economy,Hired
LP AUH11 23650,Economy,Available
LP AUH11 29943,Mid Size Sedan,Workshop
LP AUH11 30214,Economy Elite Sedan,Hired
LP AUH11 30265,Economy Elite Sedan,Hired
LP AUH12 26843,Large SUV,Hired
LP AUH12 75465,Mid Size Sedan,Available
LP AUH12 87527,Mid Size Sedan,Hired
LP AUH12 87541,Mid Size Sedan,Not Ready
LP AUH12 92514,Mid Size Sedan,Available
LP AUH12 93182,Mid Size Sedan,Hired
LP AUH14 30862,Economy Elite Sedan,Hired
LP AUH14 30863,Economy Elite Sedan,Available
LP AUH14 30891,Economy Elite Sedan,Hired
LP AUH14 30895,Economy Elite Sedan,Available
LP AUH14 30923,Economy Elite Sedan,Hired
LP AUH15 46823,Mid Crossover,Total Loss
LP AUH15 46857,Mid Crossover,Hired
LP AUH15 48385,Economy Elite Sedan,Hired
LP AUH15 94928,Mid Size Sedan,Hired
LP AUH17 45081,Mid Crossover,Hired
LP AUH17 45346,Mid Crossover,Available
LP AUH17 45370,Mid Crossover,Workshop
LP AUH17 45375,Mid Crossover,Hired
LP AUH17 52446,Mid Crossover,Total Loss
LP AUH17 58172,Mid Crossover,Hired
LP AUH17 58370,Mid Crossover,Hired
LP AUH17 59257,Mid Crossover,NRM
LP AUH17 59606,Mid Crossover,Hired
LP AUH17 59690,Mid Crossover,Available
LP AUH17 60449,Mid Crossover,Hired
LP AUH17 61251,Mid Crossover,Hired
LP AUH17 61793,Mid Crossover,Hired
LP AUH18 37213,Mid Crossover,Not Ready
LP AUH18 37219,Mid Crossover,Available
LP AUH18 37221,Mid Crossover,Hired
LP AUH18 37228,Mid Crossover,Available
LP AUH18 37229,Mid Crossover,Available
LP AUH18 39287,Mid Crossover,Hired
LP AUH19 54513,Mid Crossover,Hired
LP AUH19 54519,Mid Crossover,NRM
LP AUH19 54610,Mid Crossover,Available
LP AUH19 54961,Mid Crossover,Not Ready
LP AUH19 55367,Mid Crossover,Not Ready
LP AUH19 56271,Mid Crossover,Available
LP AUH19 80795,Mid Size Sedan,Not Ready
LP AUH19 82607,Large SUV,Total Loss
LP AUH19 83307,Mid Crossover,Hired
LP AUH19 83643,Large SUV,Total Loss
LP AUH5 61983,Mid Size Sedan,NRM
LP AUH5 21726,Economy,Hired
LP AUH5 21728,Economy,Hired
LP AUH5 21976,Mid Size Sedan,Hired
LP AUH5 22436,Mid Size Sedan,Hired
LP AUH5 22641,Mid Size Sedan,Hired
LP AUH5 22674,Mid Size Sedan,Available
LP AUH5 23742,Mid Size Sedan,Hired
LP AUH50 14615,Mid Crossover,Not Ready
LP AUH50 24945,Mid Crossover,Available
LP AUH50 26647,Premium Crossover,Hired
LP AUH50 26648,Premium Crossover,Hired
LP AUH50 26649,Premium Crossover,Available
LP AUH50 69874,Large SUV,Hired
LP AUH50 69875,Large SUV,Hired
LP AUH50 69877,Large SUV,Hired
LP AUH50 69878,Large SUV,NRM
LP AUH50 71423,Mid Crossover,Hired
LP AUH50 71424,Mid Crossover,Available
LP AUH50 71427,Mid Crossover,Hired
LP AUH50 71932,Mid Crossover,Hired
LP AUH50 71933,Mid Crossover,Hired
LP AUH50 71935,Mid Crossover,Hired
LP AUH6 26925,Large SUV,Hired
LP AUH7 57349,Large SUV,Hired
LP AUH7 57397,Large SUV,Hired
LP AUH7 57398,Large SUV,Hired
LP AUH7 57412,Large SUV,Hired
LP AUH7 89562,Premium Crossover,Not Ready
LP AUH7 93120,Mid Crossover,Hired
LP AUH7 93124,Mid Crossover,Available
LP AUH8 53725,Large SUV,Hired
LP AUH9 68197,Economy,Not Ready
LP AUH9 68210,Economy,Hired
LP AUH9 68216,Economy,Hired
LP AUH9 68316,Economy,Hired
LP AUH9 68354,Economy,Available
LP AUH9 68355,Economy,Hired
LP AUH9 68360,Economy,Hired
LP AUH9 87024,Large SUV,Hired
