ya_id,ya_number,ya_merge_manufacturer,ya_merge_short_name,takamol_CarNo,takamol_Model,takamol_MemberNo,takamol_CarKey,takamol_CarName,takamol_Reservations
4f09b1e3-54b4-4bcd-b6fa-671942813eda,y14104,AUDI,A3,14104,2023,2760,91053,AUDI A3,"[{'ReservationKey': 0, 'CarKey': 91053, 'CustomerName': 'Running Contract, 15864', 'CustomerMobile': None, 'ReservationStatus': 0, 'ReservationDateTime': None, 'FromDateTime': '8/1/2024 9:16:00 PM', 'ToDateTime': '8/3/2024 9:16:00 PM', 'DayRentValue': 0.0, 'Documents': None}]"
9476eb0b-cc87-4bd6-8585-5ee934ba7d2c,y18724,AUDI,A3,18724,2023,2760,71273,AUDI A3,
1abe4a0c-77df-4060-9c98-6179083000ba,z78095,AUDI,A3,78095,2023,2760,88876,AUDI A3,
c6020f19-900f-478a-9963-5ba691300508,z78098,AUDI,A3,78098,2023,2760,88887,AUDI A3,"[{'ReservationKey': 0, 'CarKey': 88887, 'CustomerName': 'Running Contract, 15874', 'CustomerMobile': None, 'ReservationStatus': 0, 'ReservationDateTime': None, 'FromDateTime': '8/2/2024 11:28:00 AM', 'ToDateTime': '8/5/2024 11:28:00 AM', 'DayRentValue': 0.0, 'Documents': None}]"
9e31041b-26b3-4495-b7cd-a58a86e93b02,z78106,AUDI,A3,78106,2023,2760,88886,AUDI A3,"[{'ReservationKey': 0, 'CarKey': 88886, 'CustomerName': 'Running Contract, 15806', 'CustomerMobile': None, 'ReservationStatus': 0, 'ReservationDateTime': None, 'FromDateTime': '7/31/2024 12:47:00 PM', 'ToDateTime': '8/5/2024 12:47:00 PM', 'DayRentValue': 0.0, 'Documents': None}]"
741933dc-c7a5-4ccf-95f0-da59668901a7,z70266,AUDI,A3,70266,2023,2760,87633,AUDI A3 ,"[{'ReservationKey': 0, 'CarKey': 87633, 'CustomerName': 'Running Contract, 15858', 'CustomerMobile': None, 'ReservationStatus': 0, 'ReservationDateTime': None, 'FromDateTime': '8/1/2024 6:58:00 PM', 'ToDateTime': '8/5/2024 6:58:00 PM', 'DayRentValue': 0.0, 'Documents': None}]"
821bbf29-320b-4e7f-8c0f-cdc5958f9143,z70269,AUDI,A3,70269,2023,2760,87636,AUDI A3 ,"[{'ReservationKey': 0, 'CarKey': 87636, 'CustomerName': 'Running Contract, 15833', 'CustomerMobile': None, 'ReservationStatus': 0, 'ReservationDateTime': None, 'FromDateTime': '8/1/2024 2:36:00 AM', 'ToDateTime': '8/3/2024 2:36:00 AM', 'DayRentValue': 0.0, 'Documents': None}]"
5d6ace2e-2a8f-4da8-8a48-0974f0af5d56,u10734,AUDI,A6,10734,2023,2760,95546,AUDI A6,"[{'ReservationKey': 0, 'CarKey': 95546, 'CustomerName': 'Running Contract, 15717', 'CustomerMobile': None, 'ReservationStatus': 0, 'ReservationDateTime': None, 'FromDateTime': '7/26/2024 5:45:00 PM', 'ToDateTime': '8/3/2024 5:45:00 PM', 'DayRentValue': 0.0, 'Documents': None}]"
8c7a7e82-6fa5-4b4e-b4f0-66851aa068ff,u10674,AUDI,A6,10674,2023,2760,95542,AUDI A6 ,"[{'ReservationKey': 0, 'CarKey': 95542, 'CustomerName': 'Running Contract, 15778', 'CustomerMobile': None, 'ReservationStatus': 0, 'ReservationDateTime': None, 'FromDateTime': '7/30/2024 12:00:00 PM', 'ToDateTime': '8/3/2024 12:00:00 PM', 'DayRentValue': 0.0, 'Documents': None}]"
3add5f33-68f7-4c59-905c-dff1b6b74222,u10678,AUDI,A6,10678,2023,2760,95547,AUDI A6 ,
041d38d8-2fe0-4ac3-8d72-ef2d804c4a4d,u10682,AUDI,A6,10682,2023,2760,95548,AUDI A6 ,"[{'ReservationKey': 0, 'CarKey': 95548, 'CustomerName': 'Running Contract, 15820', 'CustomerMobile': None, 'ReservationStatus': 0, 'ReservationDateTime': None, 'FromDateTime': '7/31/2024 5:31:00 PM', 'ToDateTime': '8/3/2024 5:31:00 PM', 'DayRentValue': 0.0, 'Documents': None}]"
7c3a1dad-401d-4ed1-b4ae-71c159579278,u10735,AUDI,A6,10735,2023,2760,95544,AUDI A6 ,"[{'ReservationKey': 0, 'CarKey': 95544, 'CustomerName': 'Running Contract, 15861', 'CustomerMobile': None, 'ReservationStatus': 0, 'ReservationDateTime': None, 'FromDateTime': '8/1/2024 8:21:00 PM', 'ToDateTime': '8/3/2024 8:21:00 PM', 'DayRentValue': 0.0, 'Documents': None}]"
802a30f7-23b9-426e-bb3d-d5acd95a5f60,w37769,AUDI,Q8,37769,2021,2760,11785,AUDI Q8  ,"[{'ReservationKey': 0, 'CarKey': 11785, 'CustomerName': 'Running Contract, 15800', 'CustomerMobile': None, 'ReservationStatus': 0, 'ReservationDateTime': None, 'FromDateTime': '7/31/2024 10:59:00 AM', 'ToDateTime': '8/30/2024 10:59:00 AM', 'DayRentValue': 0.0, 'Documents': None}]"
62d0e0b9-3aaa-420e-b7a2-594e16f5246a,k29503,BMW,420,29503,2022,2760,67517,BMW 420,"[{'ReservationKey': 0, 'CarKey': 67517, 'CustomerName': 'Running Contract, 15877', 'CustomerMobile': None, 'ReservationStatus': 0, 'ReservationDateTime': None, 'FromDateTime': '8/2/2024 1:54:00 PM', 'ToDateTime': '8/5/2024 1:54:00 PM', 'DayRentValue': 0.0, 'Documents': None}]"
35da98b6-5a9c-4c07-90ec-ff398cfb0356,z63198,BMW,420,63198,2023,2760,87493,BMW 420,"[{'ReservationKey': 0, 'CarKey': 87493, 'CustomerName': 'Running Contract, 15755', 'CustomerMobile': None, 'ReservationStatus': 0, 'ReservationDateTime': None, 'FromDateTime': '7/28/2024 9:45:00 PM', 'ToDateTime': '8/3/2024 9:45:00 PM', 'DayRentValue': 0.0, 'Documents': None}]"
9c9d7fd8-510d-4c42-bdc4-a086a0be3468,g84903,BMW,420,84903,2023,2760,93167,BMW 420,"[{'ReservationKey': 0, 'CarKey': 93167, 'CustomerName': 'Running Contract, 15690', 'CustomerMobile': None, 'ReservationStatus': 0, 'ReservationDateTime': None, 'FromDateTime': '7/25/2024 12:39:00 PM', 'ToDateTime': '8/2/2024 12:39:00 PM', 'DayRentValue': 0.0, 'Documents': None}]"
580daf5e-695b-435d-8e44-627fc09eef7c,k82175,BMW430I,2024,82175,2024,2760,116861,BMW 430i,"[{'ReservationKey': 0, 'CarKey': 116861, 'CustomerName': 'Running Contract, 15827', 'CustomerMobile': None, 'ReservationStatus': 0, 'ReservationDateTime': None, 'FromDateTime': '7/31/2024 10:58:00 PM', 'ToDateTime': '8/2/2024 10:58:00 PM', 'DayRentValue': 0.0, 'Documents': None}]"
e6efd85f-89ec-44e1-99ec-3958ce3536c7,x12581,BMW,735,12581,2023,2760,92640,BMW 735,
c637593e-4ab6-4ecb-ac69-74906eb4c17a,c38219,CADILLAC,ESCALADE,38219,2023,2760,99351,CADILLAC ESCALADE,"[{'ReservationKey': 0, 'CarKey': 99351, 'CustomerName': 'Running Contract, 15814', 'CustomerMobile': None, 'ReservationStatus': 0, 'ReservationDateTime': None, 'FromDateTime': '7/30/2024 9:11:00 PM', 'ToDateTime': '8/9/2024 9:11:00 PM', 'DayRentValue': 0.0, 'Documents': None}]"
578fb02a-1d1d-4e64-9bfd-bfe97ae0ea2b,o46440,CADILLAC,ESCALADE,46440,2022,2760,81077,CADILLAC ESCALLADE,"[{'ReservationKey': 0, 'CarKey': 81077, 'CustomerName': 'Running Contract, 15745', 'CustomerMobile': None, 'ReservationStatus': 0, 'ReservationDateTime': None, 'FromDateTime': '7/28/2024 6:12:00 AM', 'ToDateTime': '8/4/2024 6:12:00 AM', 'DayRentValue': 0.0, 'Documents': None}]"
a75a960d-0a72-436c-8bd9-5e5ecc121f8a,t15491,CHEVROLET,CAPTIVA,15491,2023,2760,77962,CHEVROLET CAPTIVA,"[{'ReservationKey': 0, 'CarKey': 77962, 'CustomerName': 'Running Contract, 15765', 'CustomerMobile': None, 'ReservationStatus': 0, 'ReservationDateTime': None, 'FromDateTime': '7/29/2024 1:54:00 AM', 'ToDateTime': '8/2/2024 1:54:00 AM', 'DayRentValue': 0.0, 'Documents': None}]"
597d4abc-fdd6-4297-a476-309e09c2d530,z18447,CHEVROLET,CAPTIVA,18447,2023,2760,83240,CHEVROLET CAPTIVA,"[{'ReservationKey': 0, 'CarKey': 83240, 'CustomerName': 'Running Contract, 1001287', 'CustomerMobile': None, 'ReservationStatus': 0, 'ReservationDateTime': None, 'FromDateTime': '2/29/2024 7:39:00 PM', 'ToDateTime': '6/8/2024 7:39:00 PM', 'DayRentValue': 0.0, 'Documents': None}]"
275aad33-3095-4315-961d-62131d35f4ab,x21371,CHEVROLET,CAPTIVA,21371,2023,2760,80438,CHEVROLET CAPTIVA,"[{'ReservationKey': 0, 'CarKey': 80438, 'CustomerName': 'Running Contract, 15467', 'CustomerMobile': None, 'ReservationStatus': 0, 'ReservationDateTime': None, 'FromDateTime': '7/14/2024 11:58:00 PM', 'ToDateTime': '8/23/2024 11:58:00 PM', 'DayRentValue': 0.0, 'Documents': None}]"
bf49ebaa-cc6b-4761-b057-3ce8c2fd8850,z82856,CHEVROLET,CAPTIVA,82856,2023,2760,89117,CHEVROLET CAPTIVA,
13c03ab5-28d1-4fbe-be44-90eff9dde4c2,p14296,CHEVROLET,CAPTIVA,14296,2023,2760,93467,CHEVROLET CAPTIVA ,"[{'ReservationKey': 0, 'CarKey': 93467, 'CustomerName': 'Running Contract, 15626', 'CustomerMobile': None, 'ReservationStatus': 0, 'ReservationDateTime': None, 'FromDateTime': '7/22/2024 1:01:00 AM', 'ToDateTime': '8/2/2024 1:01:00 AM', 'DayRentValue': 0.0, 'Documents': None}]"
c1fa0e83-3ecd-42e3-95f3-2690f9b7695a,p14678,CHEVROLET,CAPTIVA,14678,2023,2760,93465,CHEVROLET CAPTIVA ,"[{'ReservationKey': 0, 'CarKey': 93465, 'CustomerName': 'Running Contract, 15852', 'CustomerMobile': None, 'ReservationStatus': 0, 'ReservationDateTime': None, 'FromDateTime': '8/1/2024 4:14:00 PM', 'ToDateTime': '8/31/2024 4:14:00 PM', 'DayRentValue': 0.0, 'Documents': None}]"
8fe54428-0a5e-4c60-a475-6f744e955d24,t15391,CHEVROLET,CAPTIVA,15391,2023,2760,77979,CHEVROLET CAPTIVA ,"[{'ReservationKey': 0, 'CarKey': 77979, 'CustomerName': 'Running Contract, 15845', 'CustomerMobile': None, 'ReservationStatus': 0, 'ReservationDateTime': None, 'FromDateTime': '8/1/2024 1:36:06 PM', 'ToDateTime': '8/9/2024 1:36:06 PM', 'DayRentValue': 0.0, 'Documents': None}]"
33df148e-f5bb-4ec6-a2fc-3bd095a59f0f,t15479,CHEVROLET,CAPTIVA,15479,2023,2760,78023,CHEVROLET CAPTIVA ,"[{'ReservationKey': 0, 'CarKey': 78023, 'CustomerName': 'Running Contract, 15831', 'CustomerMobile': None, 'ReservationStatus': 0, 'ReservationDateTime': None, 'FromDateTime': '8/1/2024 1:46:00 AM', 'ToDateTime': '8/23/2024 1:46:00 AM', 'DayRentValue': 0.0, 'Documents': None}]"
5af8523f-352d-49fb-8d97-91b83fdd2bf7,t15523,CHEVROLET,CAPTIVA,15523,2023,2760,78021,CHEVROLET CAPTIVA ,"[{'ReservationKey': 0, 'CarKey': 78021, 'CustomerName': 'Running Contract, 15769', 'CustomerMobile': None, 'ReservationStatus': 0, 'ReservationDateTime': None, 'FromDateTime': '7/30/2024 6:12:00 AM', 'ToDateTime': '8/5/2024 6:12:00 AM', 'DayRentValue': 0.0, 'Documents': None}]"
5a9da717-0a44-4673-b037-be936675fbd4,v46173,CHEVROLET,CAPTIVA,46173,2023,2760,79063,CHEVROLET CAPTIVA ,"[{'ReservationKey': 0, 'CarKey': 79063, 'CustomerName': 'Running Contract, 15832', 'CustomerMobile': None, 'ReservationStatus': 0, 'ReservationDateTime': None, 'FromDateTime': '8/1/2024 1:46:00 AM', 'ToDateTime': '8/11/2024 1:46:00 AM', 'DayRentValue': 0.0, 'Documents': None}]"
b1a80a3f-4e16-4ed2-94e4-db01fc2b61cf,g93743,CHEVROLET,CORVETTE,93743,2022,2760,67644,CHEVROLET CORVETTE,"[{'ReservationKey': 0, 'CarKey': 67644, 'CustomerName': 'Running Contract, 15762', 'CustomerMobile': None, 'ReservationStatus': 0, 'ReservationDateTime': None, 'FromDateTime': '7/29/2024 1:04:00 PM', 'ToDateTime': '8/5/2024 1:04:00 PM', 'DayRentValue': 0.0, 'Documents': None}]"
762b3dc8-43e3-4317-9296-20f1589eef60,e36795,CHEVROLET,TAHOE,36795,2022,2760,58667,CHEVROLETE TAHOE,
e7741ee2-83e6-430c-8cd3-41ddcce71372,f8318,FERRARI,F8 TRIBUTO,8318,2022,2760,63627,FERRARI F8 TRIBUTO,
175a8007-bf9d-43bc-9f2d-608ebc6f9214,h43704,Jac,J7,43704,2024,2760,126415,JAC J7,"[{'ReservationKey': 0, 'CarKey': 126415, 'CustomerName': 'Running Contract, 15872', 'CustomerMobile': None, 'ReservationStatus': 0, 'ReservationDateTime': None, 'FromDateTime': '8/2/2024 7:34:00 AM', 'ToDateTime': '8/10/2024 7:34:00 AM', 'DayRentValue': 0.0, 'Documents': None}]"
1eb07979-cbf8-46cc-baf5-1d3c6c89a45f,i56638,Jac,J7,56638,2024,2760,126409,JAC J7,"[{'ReservationKey': 0, 'CarKey': 126409, 'CustomerName': 'Running Contract, 15821', 'CustomerMobile': None, 'ReservationStatus': 0, 'ReservationDateTime': None, 'FromDateTime': '7/31/2024 10:53:00 AM', 'ToDateTime': '8/3/2024 10:53:00 AM', 'DayRentValue': 0.0, 'Documents': None}]"
2b5d1228-c3ad-41ea-90d6-5f8ec6925f5c,i57016,Jac,J7,57016,2024,2760,126403,JAC J7,
61483249-6fc7-4f71-ac49-0831da3c72e5,i63289,Jac,J7,63289,2024,2760,126412,JAC J7,"[{'ReservationKey': 0, 'CarKey': 126412, 'CustomerName': 'Running Contract, 13695', 'CustomerMobile': None, 'ReservationStatus': 0, 'ReservationDateTime': None, 'FromDateTime': '5/12/2024 4:29:00 PM', 'ToDateTime': '8/9/2024 4:29:00 PM', 'DayRentValue': 0.0, 'Documents': None}]"
431d7bc1-ebb6-482d-b014-21297c326717,i83214,Jac,J7,83214,2024,2760,126417,JAC J7,"[{'ReservationKey': 0, 'CarKey': 126417, 'CustomerName': 'Running Contract, 15427', 'CustomerMobile': None, 'ReservationStatus': 0, 'ReservationDateTime': None, 'FromDateTime': '7/12/2024 8:57:00 PM', 'ToDateTime': '8/5/2024 8:57:00 PM', 'DayRentValue': 0.0, 'Documents': None}]"
6c25acd7-dbc9-466c-992a-c50a9d596ac7,i70676,JAC,JS4,70676,2024,2760,126404,JAC JS4,"[{'ReservationKey': 0, 'CarKey': 126404, 'CustomerName': 'Running Contract, 1001546', 'CustomerMobile': None, 'ReservationStatus': 0, 'ReservationDateTime': None, 'FromDateTime': '7/19/2024 7:29:00 PM', 'ToDateTime': '8/18/2024 7:29:00 PM', 'DayRentValue': 0.0, 'Documents': None}]"
3b8a75af-277c-40f8-b5e3-45a1e68f6fa1,g10465,KIA,K5,10465,2023,2760,99112,KIA K5,"[{'ReservationKey': 0, 'CarKey': 99112, 'CustomerName': 'Running Contract, 15776', 'CustomerMobile': None, 'ReservationStatus': 0, 'ReservationDateTime': None, 'FromDateTime': '7/30/2024 11:37:00 AM', 'ToDateTime': '8/2/2024 11:37:00 AM', 'DayRentValue': 0.0, 'Documents': None}]"
10cf107a-e0b2-4da3-a535-58e0c015ffb0,g18894,KIA,K5,18894,2023,2760,99111,KIA K5,"[{'ReservationKey': 0, 'CarKey': 99111, 'CustomerName': 'Running Contract, 15818', 'CustomerMobile': None, 'ReservationStatus': 0, 'ReservationDateTime': None, 'FromDateTime': '7/31/2024 7:51:00 PM', 'ToDateTime': '8/4/2024 7:51:00 PM', 'DayRentValue': 0.0, 'Documents': None}]"
f803ab2e-a82a-4b83-b5df-735791f34962,z39614,KIA,K5,39614,2023,2760,85522,KIA K5,"[{'ReservationKey': 0, 'CarKey': 85522, 'CustomerName': 'Running Contract, 15830', 'CustomerMobile': None, 'ReservationStatus': 0, 'ReservationDateTime': None, 'FromDateTime': '8/1/2024 1:03:00 AM', 'ToDateTime': '8/6/2024 1:03:00 AM', 'DayRentValue': 0.0, 'Documents': None}]"
5680521e-c144-43f5-b662-6fbce0230dea,z39615,KIA,K5,39615,2023,2760,85523,KIA K5,"[{'ReservationKey': 0, 'CarKey': 85523, 'CustomerName': 'Running Contract, 15791', 'CustomerMobile': None, 'ReservationStatus': 0, 'ReservationDateTime': None, 'FromDateTime': '7/31/2024 1:48:00 AM', 'ToDateTime': '8/3/2024 1:48:00 AM', 'DayRentValue': 0.0, 'Documents': None}]"
1eb04015-9f61-49ab-8987-e2ee6bdddaa3,k56836,KIA,K5,56836,2023,2760,104371,KIA K5,
335ea8e4-f3b6-48b9-b350-f02170c86a30,c89429,KIA,K5,89429,2023,2760,99116,KIA K5,"[{'ReservationKey': 0, 'CarKey': 99116, 'CustomerName': 'Running Contract, 15883', 'CustomerMobile': None, 'ReservationStatus': 0, 'ReservationDateTime': None, 'FromDateTime': '8/2/2024 4:17:00 PM', 'ToDateTime': '8/9/2024 4:17:00 PM', 'DayRentValue': 0.0, 'Documents': None}]"
1cec5876-70e1-4d33-afb5-90eb6340e49a,p74356,LAMBORGHINI,HURACAN,74356,2023,2760,127261,LAMBORGHINI HURACAN EVO SPIDER,
1920af54-aa16-49b4-914c-895ad491a44f,y50538,LAMBORGHINI,HURACAN,50538,2022,2760,98490,LAMBORGHINI HURRACAN  EVO SPYDER,"[{'ReservationKey': 0, 'CarKey': 98490, 'CustomerName': 'Running Contract, 15834', 'CustomerMobile': None, 'ReservationStatus': 0, 'ReservationDateTime': None, 'FromDateTime': '8/1/2024 3:29:00 AM', 'ToDateTime': '8/4/2024 3:29:00 AM', 'DayRentValue': 0.0, 'Documents': None}]"
09ccd41b-6e8c-457c-bb80-2020994588b3,u4871,LAMBORGHINI,URUS MY20,4871,2022,2760,73091,LAMBORGHINI URUS CAPSULE,"[{'ReservationKey': 0, 'CarKey': 73091, 'CustomerName': 'Running Contract, 15863', 'CustomerMobile': None, 'ReservationStatus': 0, 'ReservationDateTime': None, 'FromDateTime': '8/1/2024 9:23:00 PM', 'ToDateTime': '8/2/2024 9:23:00 PM', 'DayRentValue': 0.0, 'Documents': None}]"
473d7f42-7f36-492d-9480-0aacdec9650a,r2937,LAND ROVER,DEFENDER,2937,2022,2760,69467,LAND ROVER DEFENDER ,"[{'ReservationKey': 0, 'CarKey': 69467, 'CustomerName': 'Running Contract, 15638', 'CustomerMobile': None, 'ReservationStatus': 0, 'ReservationDateTime': None, 'FromDateTime': '7/22/2024 6:38:00 PM', 'ToDateTime': '8/21/2024 6:38:00 PM', 'DayRentValue': 0.0, 'Documents': None}]"
89c474ff-0edb-41e3-9735-5842a7044b53,p15529,LEXUS,LX 600,15529,2023,2760,93474,LEXUS LX 600,"[{'ReservationKey': 0, 'CarKey': 93474, 'CustomerName': 'Running Contract, 15815', 'CustomerMobile': None, 'ReservationStatus': 0, 'ReservationDateTime': None, 'FromDateTime': '7/31/2024 10:00:00 AM', 'ToDateTime': '8/4/2024 10:00:00 AM', 'DayRentValue': 0.0, 'Documents': None}]"
a8de86e2-bee1-42e1-88ef-66cdc9a5049d,g59319,MERCEDES,A220,59319,2019,2760,10383,MERCEDES A220,
666fc971-647b-4f02-8326-f9d1ab0beedb,h68522,MERCEDES,C300,68522,2020,2760,2909,MERCEDES C CONV.,"[{'ReservationKey': 0, 'CarKey': 2909, 'CustomerName': 'Running Contract, 15795', 'CustomerMobile': None, 'ReservationStatus': 0, 'ReservationDateTime': None, 'FromDateTime': '7/31/2024 5:10:00 AM', 'ToDateTime': '8/3/2024 5:10:00 AM', 'DayRentValue': 0.0, 'Documents': None}]"
9d061fc9-a8ff-46f1-99f8-08b660c556a0,q58395,MERCEDES,C200,58395,2022,2760,68406,MERCEDES C200,"[{'ReservationKey': 0, 'CarKey': 68406, 'CustomerName': 'Running Contract, 15808', 'CustomerMobile': None, 'ReservationStatus': 0, 'ReservationDateTime': None, 'FromDateTime': '7/31/2024 2:44:00 PM', 'ToDateTime': '8/7/2024 2:44:00 PM', 'DayRentValue': 0.0, 'Documents': None}]"
142ddbba-9792-4af3-ae27-19c6ed44f8bf,x65964,Mercedes,S500,65964,2022,2760,79216,MERCEDES C300,
7bd894e9-6a44-4520-a96a-2d99a6df0f62,h76946,MERCEDES,E400,76946,2020,2760,68387,MERCEDES E-CLASS,"[{'ReservationKey': 0, 'CarKey': 68387, 'CustomerName': 'Running Contract, 14750', 'CustomerMobile': None, 'ReservationStatus': 0, 'ReservationDateTime': None, 'FromDateTime': '6/16/2024 6:10:07 PM', 'ToDateTime': '6/17/2024 6:10:07 PM', 'DayRentValue': 0.0, 'Documents': None}]"
cc8be795-cb8e-4d23-a7ee-32b6ac5b50e9,r6563,Mercedes,G63 AMG,6563,2023,2760,113393,MERCEDES G CLASS 63,"[{'ReservationKey': 0, 'CarKey': 113393, 'CustomerName': 'Running Contract, 1001518', 'CustomerMobile': None, 'ReservationStatus': 0, 'ReservationDateTime': None, 'FromDateTime': '6/29/2024 2:30:00 PM', 'ToDateTime': '7/29/2024 2:30:00 PM', 'DayRentValue': 0.0, 'Documents': None}]"
465ea059-a3dc-4e9c-8040-e1acd2a1dac2,k67614,MINI COOPER,COOPER S,67614,2022,2760,67518,MINI COOPER,
8fc7dd30-1970-42c0-9648-41407baa19d8,g82086,MINI COOPER,COOPER S,82086,2023,2760,93170,MINI COOPER ,
17afdc2e-af82-4e3a-a9c5-4639a8a0b679,k70861,MITSUBISHI,ATTRAGE,70861,2023,2760,94918,MITSUBISHI ATTRAGE 1,"[{'ReservationKey': 0, 'CarKey': 94918, 'CustomerName': 'Running Contract, 1000838', 'CustomerMobile': None, 'ReservationStatus': 0, 'ReservationDateTime': None, 'FromDateTime': '7/11/2023 6:39:38 PM', 'ToDateTime': '7/11/2023 6:39:38 PM', 'DayRentValue': 0.0, 'Documents': None}]"
1b251faf-63cb-4ae0-a57c-dc70734fb135,y45229,NISSAN,PATROL SE P.C,45229,2022,2760,69041,NISSAN PATROL  SE PLATINUM,
b4fdafd1-f614-49c8-831c-eed9b8d59a2a,y45230,NISSAN,PATROL SE P.C,45230,2022,2760,69044,NISSAN PATROL  SE PLATINUM ,
f054586f-5413-43a9-a244-416e4a4625b5,y45232,NISSAN,PATROL SE P.C,45232,2022,2760,69045,NISSAN PATROL  SE PLATINUM ,"[{'ReservationKey': 0, 'CarKey': 69045, 'CustomerName': 'Running Contract, 15753', 'CustomerMobile': None, 'ReservationStatus': 0, 'ReservationDateTime': None, 'FromDateTime': '7/28/2024 7:54:00 PM', 'ToDateTime': '8/3/2024 7:54:00 PM', 'DayRentValue': 0.0, 'Documents': None}]"
890a7f2d-f171-4dc3-a968-aae5cbcf10c0,y45233,NISSAN,PATROL SE P.C,45233,2022,2760,69056,NISSAN PATROL  SE PLATINUM ,
546252b0-3df9-4ed2-8a84-9f848102913a,y45234,NISSAN,PATROL SE P.C,45234,2022,2760,69057,NISSAN PATROL  SE PLATINUM ,"[{'ReservationKey': 0, 'CarKey': 69057, 'CustomerName': 'Running Contract, 13977', 'CustomerMobile': None, 'ReservationStatus': 0, 'ReservationDateTime': None, 'FromDateTime': '5/20/2024 4:54:00 PM', 'ToDateTime': '6/9/2024 4:54:00 PM', 'DayRentValue': 0.0, 'Documents': None}]"
0fbb52f6-267e-4bdb-a851-bbf0ef4f73e5,c91139,PORSCHE,911 CARRERA 4GTS,91139,2023,2760,98653,PORSCHE 911 CARRERA 4 GTS CONV.,
4ceba3b7-ddc6-47ec-96c7-57f23d9b002f,q41154,RANGE ROVER,SPORT,41154,2021,2760,11677,RANGE ROVER SPORT,"[{'ReservationKey': 0, 'CarKey': 11677, 'CustomerName': 'Running Contract, 15855', 'CustomerMobile': None, 'ReservationStatus': 0, 'ReservationDateTime': None, 'FromDateTime': '8/1/2024 5:48:00 PM', 'ToDateTime': '8/2/2024 5:48:00 PM', 'DayRentValue': 0.0, 'Documents': None}]"
b0e64a4e-2ac5-4cca-a8d0-7120496212bd,k35920,RANGE ROVER,VELAR,35920,2021,2760,93394,RANGE ROVER VELAR,"[{'ReservationKey': 0, 'CarKey': 93394, 'CustomerName': 'Running Contract, 15792', 'CustomerMobile': None, 'ReservationStatus': 0, 'ReservationDateTime': None, 'FromDateTime': '7/31/2024 1:52:00 AM', 'ToDateTime': '8/4/2024 1:52:00 AM', 'DayRentValue': 0.0, 'Documents': None}]"
3e6e629e-2de8-42bd-b12b-a90c28270f18,y19947,RANGE ROVER,VELAR,19947,2022,2760,91175,RANGE ROVER VELAR ,"[{'ReservationKey': 0, 'CarKey': 91175, 'CustomerName': 'Running Contract, 15802', 'CustomerMobile': None, 'ReservationStatus': 0, 'ReservationDateTime': None, 'FromDateTime': '7/31/2024 12:25:00 PM', 'ToDateTime': '8/3/2024 12:25:00 PM', 'DayRentValue': 0.0, 'Documents': None}]"
8e8a172b-56f4-4e67-a54d-546b554eff00,j77467,RANGE ROVER,VOGUE,77467,2023,2760,87420,RANGE ROVER VOGUE,"[{'ReservationKey': 0, 'CarKey': 87420, 'CustomerName': 'Running Contract, 15786', 'CustomerMobile': None, 'ReservationStatus': 0, 'ReservationDateTime': None, 'FromDateTime': '7/30/2024 7:55:00 PM', 'ToDateTime': '8/3/2024 7:55:00 PM', 'DayRentValue': 0.0, 'Documents': None}]"
40cb279a-32a4-43a3-a649-e70b9a5d03a1,z58507,TOYOTA,CAMRY,58507,2023,2760,86073,TOYOTA CAMRY,"[{'ReservationKey': 0, 'CarKey': 86073, 'CustomerName': 'Running Contract, 15796', 'CustomerMobile': None, 'ReservationStatus': 0, 'ReservationDateTime': None, 'FromDateTime': '7/31/2024 8:26:00 AM', 'ToDateTime': '8/3/2024 8:26:00 AM', 'DayRentValue': 0.0, 'Documents': None}]"
a5e0f065-6d3d-4c0c-968d-ef369245bc7e,z58508,TOYOTA,CAMRY,58508,2023,2760,86074,TOYOTA CAMRY,"[{'ReservationKey': 0, 'CarKey': 86074, 'CustomerName': 'Running Contract, 15606', 'CustomerMobile': None, 'ReservationStatus': 0, 'ReservationDateTime': None, 'FromDateTime': '7/21/2024 12:32:00 AM', 'ToDateTime': '8/4/2024 12:32:00 AM', 'DayRentValue': 0.0, 'Documents': None}]"
5a6aed7f-7882-4eb5-bd4a-3afbc709f582,z85933,TOYOTA,CAMRY,85933,2023,2760,89695,TOYOTA CAMRY,"[{'ReservationKey': 0, 'CarKey': 89695, 'CustomerName': 'Running Contract, 15603', 'CustomerMobile': None, 'ReservationStatus': 0, 'ReservationDateTime': None, 'FromDateTime': '7/20/2024 10:13:00 PM', 'ToDateTime': '8/2/2024 10:13:00 PM', 'DayRentValue': 0.0, 'Documents': None}]"
840b557b-f506-41b0-bc28-80540385d2a6,z85936,TOYOTA,CAMRY,85936,2023,2760,89696,TOYOTA CAMRY,
6879cd57-243f-4e19-b220-3e482b35c17b,z85937,TOYOTA,CAMRY,85937,2023,2760,89693,TOYOTA CAMRY,"[{'ReservationKey': 0, 'CarKey': 89693, 'CustomerName': 'Running Contract, 15733', 'CustomerMobile': None, 'ReservationStatus': 0, 'ReservationDateTime': None, 'FromDateTime': '7/27/2024 2:15:00 PM', 'ToDateTime': '8/4/2024 2:15:00 PM', 'DayRentValue': 0.0, 'Documents': None}]"
42cf4f68-6edb-4f2c-b512-fe7ecf594b77,p14306,TOYOTA,CAMRY,14306,2023,2760,93469,TOYOTA CAMRY ,"[{'ReservationKey': 0, 'CarKey': 93469, 'CustomerName': 'Running Contract, 15238', 'CustomerMobile': None, 'ReservationStatus': 0, 'ReservationDateTime': None, 'FromDateTime': '7/4/2024 6:18:00 PM', 'ToDateTime': '8/3/2024 6:18:00 PM', 'DayRentValue': 0.0, 'Documents': None}]"
9670956b-7d1a-4491-bcfe-5ce8f72930e6,p14716,TOYOTA,CAMRY,14716,2023,2760,93470,TOYOTA CAMRY ,"[{'ReservationKey': 0, 'CarKey': 93470, 'CustomerName': 'Running Contract, 15851', 'CustomerMobile': None, 'ReservationStatus': 0, 'ReservationDateTime': None, 'FromDateTime': '8/1/2024 4:01:00 PM', 'ToDateTime': '8/5/2024 4:01:00 PM', 'DayRentValue': 0.0, 'Documents': None}]"
a76056db-60f5-4dd7-88c7-c716e7eb7f23,p15524,TOYOTA,CAMRY,15524,2023,2760,93471,TOYOTA CAMRY ,"[{'ReservationKey': 0, 'CarKey': 93471, 'CustomerName': 'Running Contract, 15624', 'CustomerMobile': None, 'ReservationStatus': 0, 'ReservationDateTime': None, 'FromDateTime': '7/21/2024 8:01:00 PM', 'ToDateTime': '8/4/2024 8:01:00 PM', 'DayRentValue': 0.0, 'Documents': None}]"
bada1831-19c8-4715-b190-e7da6de07152,p15963,TOYOTA,CAMRY,15963,2023,2760,93472,TOYOTA CAMRY ,"[{'ReservationKey': 0, 'CarKey': 93472, 'CustomerName': 'Running Contract, 15511', 'CustomerMobile': None, 'ReservationStatus': 0, 'ReservationDateTime': None, 'FromDateTime': '7/16/2024 5:18:00 PM', 'ToDateTime': '7/28/2024 5:18:00 PM', 'DayRentValue': 0.0, 'Documents': None}]"
2fca8d2f-5fed-4c22-a6b1-2befa4da0380,p14303,TOYOTA,LAND CRUISER,14303,2023,2760,93473,TOYOTA LAND CRUSER ,"[{'ReservationKey': 0, 'CarKey': 93473, 'CustomerName': 'Running Contract, 15823', 'CustomerMobile': None, 'ReservationStatus': 0, 'ReservationDateTime': None, 'FromDateTime': '7/31/2024 9:04:00 PM', 'ToDateTime': '8/3/2024 9:04:00 PM', 'DayRentValue': 0.0, 'Documents': None}]"
5b5dcd2b-aefb-433d-b1c1-f15146818cb5,z85930,TOYOTA,YARIS,85930,2023,2760,89699,TOYOTA YARIS,"[{'ReservationKey': 0, 'CarKey': 89699, 'CustomerName': 'Running Contract, 15869', 'CustomerMobile': None, 'ReservationStatus': 0, 'ReservationDateTime': None, 'FromDateTime': '8/2/2024 3:25:00 AM', 'ToDateTime': '8/10/2024 3:25:00 AM', 'DayRentValue': 0.0, 'Documents': None}]"
6c8501fe-9d44-4a97-8f05-3ef74ba62625,z85934,TOYOTA,YARIS,85934,2023,2760,89698,TOYOTA YARIS,"[{'ReservationKey': 0, 'CarKey': 89698, 'CustomerName': 'Running Contract, 15734', 'CustomerMobile': None, 'ReservationStatus': 0, 'ReservationDateTime': None, 'FromDateTime': '7/27/2024 3:25:00 PM', 'ToDateTime': '8/25/2024 3:25:00 PM', 'DayRentValue': 0.0, 'Documents': None}]"
