DayRentValue,WD,MemberName,WeekRentValue,MonthRentValue,BookingDiscount,Doors,Seats,CarName,Gear,Region,Milage,CarKey,City,CarNo,MemberNo,Passengers,MobileSalesMan,Model,CarPhotoURL,Reservations,Cylinders
100.0,2,HOUSTON LUXURY RENT A CAR,630.0,2400.0,-1.0,4,2,NISSAN SUNNY,-1,Dubai,164048,128731,Dubai,35488,2888,5,00971582920243,2019,,"[{'ReservationKey': 0, 'CarKey': 128731, 'CustomerName': 'Running Contract, 3505', 'CustomerMobile': None, 'ReservationStatus': 0, 'ReservationDateTime': None, 'FromDateTime': '7/20/2024 3:00:00 PM', 'ToDateTime': '8/8/2024 3:00:00 PM', 'DayRentValue': 0.0, 'Documents': None}]",4
100.0,2,HOUSTON LUXURY RENT A CAR,630.0,2400.0,-1.0,4,2,NISSAN SUNNY,-1,Dubai,21759,128738,Dubai,13928,2888,5,00971582920243,2023,,"[{'ReservationKey': 0, 'CarKey': 128738, 'CustomerName': 'Running Contract, 3676', 'CustomerMobile': None, 'ReservationStatus': 0, 'ReservationDateTime': None, 'FromDateTime': '7/30/2024 12:40:00 PM', 'ToDateTime': '8/14/2024 12:40:00 PM', 'DayRentValue': 0.0, 'Documents': None}]",4
100.0,2,HOUSTON LUXURY RENT A CAR,630.0,2400.0,-1.0,4,2,NISSAN SUNNY ,-1,Dubai,27068,135038,Dubai,80348,2888,5,00971582920243,2023,,,4
100.0,2,HOUSTON LUXURY RENT A CAR,630.0,2400.0,-1.0,4,2,NISSAN SUNNY ,-1,Dubai,29935,135085,Dubai,57316,2888,5,00971582920243,2023,,"[{'ReservationKey': 0, 'CarKey': 135085, 'CustomerName': 'Running Contract, 1446', 'CustomerMobile': None, 'ReservationStatus': 0, 'ReservationDateTime': None, 'FromDateTime': '7/23/2024 12:20:00 PM', 'ToDateTime': '8/12/2024 12:20:00 PM', 'DayRentValue': 0.0, 'Documents': None}]",4
100.0,2,HOUSTON LUXURY RENT A CAR,630.0,2400.0,-1.0,4,2,RENAULT SYMBOL,-1,Dubai,172428,129271,Dubai,63960,2888,5,00971582920243,2018,,"[{'ReservationKey': 0, 'CarKey': 129271, 'CustomerName': 'Running Contract, 930', 'CustomerMobile': None, 'ReservationStatus': 0, 'ReservationDateTime': None, 'FromDateTime': '6/4/2024 11:05:00 AM', 'ToDateTime': '6/10/2024 11:05:00 AM', 'DayRentValue': 0.0, 'Documents': None}]",4
100.0,2,HOUSTON LUXURY RENT A CAR,630.0,2400.0,-1.0,4,2,NISSAN SUNNY,-1,Dubai,22374,128729,Dubai,80386,2888,5,00971582920243,2023,,,4
100.0,2,HOUSTON LUXURY RENT A CAR,630.0,2400.0,-1.0,4,2,NISSAN SUNNY,-1,Dubai,16468,128732,Dubai,13652,2888,5,00971582920243,2023,,,4
100.0,2,HOUSTON LUXURY RENT A CAR,630.0,2400.0,-1.0,4,2,NISSAN SUNNY,-1,Dubai,26056,128733,Dubai,85579,2888,5,00971582920243,2023,,,4
100.0,2,HOUSTON LUXURY RENT A CAR,630.0,2400.0,-1.0,4,2,NISSAN SUNNY,-1,Dubai,23971,128749,Dubai,86092,2888,5,00971582920243,2024,,"[{'ReservationKey': 0, 'CarKey': 128749, 'CustomerName': 'Running Contract, 149', 'CustomerMobile': None, 'ReservationStatus': 0, 'ReservationDateTime': None, 'FromDateTime': '7/7/2024 1:37:00 PM', 'ToDateTime': '8/6/2024 1:37:00 PM', 'DayRentValue': 0.0, 'Documents': None}]",4
100.0,2,HOUSTON LUXURY RENT A CAR,630.0,2400.0,-1.0,4,2,CHEVROLETE SPARK,-1,Dubai,90976,128751,Dubai,74166,2888,5,00971582920243,2024,,"[{'ReservationKey': 0, 'CarKey': 128751, 'CustomerName': 'Running Contract, 3662', 'CustomerMobile': None, 'ReservationStatus': 0, 'ReservationDateTime': None, 'FromDateTime': '7/26/2024 7:15:00 PM', 'ToDateTime': '8/25/2024 7:15:00 PM', 'DayRentValue': 0.0, 'Documents': None}]",4
100.0,2,HOUSTON LUXURY RENT A CAR,630.0,2400.0,-1.0,4,2,RENAULT SYMBOL,-1,Dubai,128835,128735,Dubai,65922,2888,5,00971582920243,2020,,,4
100.0,2,HOUSTON LUXURY RENT A CAR,630.0,2400.0,-1.0,4,2,RENAULT SYMBOL,-1,Dubai,112897,128737,Dubai,65935,2888,5,00971582920243,2020,,,4
100.0,2,HOUSTON LUXURY RENT A CAR,630.0,2400.0,-1.0,4,2,NISSAN SUNNY,-1,Dubai,24643,128909,Dubai,30942,2888,5,00971582920243,2023,,,4
100.0,2,HOUSTON LUXURY RENT A CAR,630.0,2400.0,-1.0,4,2,KIA  PICANTO,-1,Dubai,225529,128910,Dubai,87266,2888,5,00971582920243,2014,,,4
100.0,2,HOUSTON LUXURY RENT A CAR,630.0,2400.0,-1.0,4,2,NISSAN SUNNY ,-1,Dubai,159413,135578,Dubai,29303,2888,5,00971582920243,2020,,,4
100.0,2,HOUSTON LUXURY RENT A CAR,630.0,2400.0,-1.0,4,2,NISSAN SUNNY ,-1,Dubai,9622,135537,Dubai,80371,2888,5,00971582920243,2023,,,4
100.0,2,HOUSTON LUXURY RENT A CAR,630.0,2400.0,-1.0,4,2,NISSAN SUNNY,-1,Dubai,25481,135561,Dubai,78914,2888,5,00971582920243,2020,,,4
100.0,2,HOUSTON LUXURY RENT A CAR,630.0,2400.0,-1.0,4,2,NISSAN SUNNY ,-1,Dubai,181751,135463,Dubai,33490,2888,5,00971582920243,2018,,,4
100.0,2,HOUSTON LUXURY RENT A CAR,630.0,2400.0,-1.0,4,2,NISSAN SUNNY ,-1,Dubai,199173,135466,Dubai,55840,2888,5,00971582920243,2020,,"[{'ReservationKey': 0, 'CarKey': 135466, 'CustomerName': 'Running Contract, 92', 'CustomerMobile': None, 'ReservationStatus': 0, 'ReservationDateTime': None, 'FromDateTime': '5/16/2024 1:30:00 PM', 'ToDateTime': '6/7/2024 1:30:00 PM', 'DayRentValue': 0.0, 'Documents': None}]",4
100.0,2,HOUSTON LUXURY RENT A CAR,630.0,2400.0,-1.0,4,2,Mitsubishi Mirage,-1,Dubai,208518,135292,Dubai,42635,2888,5,00971582920243,2024,,,4
100.0,2,HOUSTON LUXURY RENT A CAR,630.0,2400.0,-1.0,4,2,NISSAN SUNNY ,-1,Dubai,233777,135313,Dubai,55837,2888,5,00971582920243,2018,,,4
100.0,2,HOUSTON LUXURY RENT A CAR,630.0,2400.0,-1.0,4,2,NISSAN SUNNY,-1,Dubai,183371,135273,Dubai,21175,2888,5,00971582920243,2020,,,4
100.0,2,HOUSTON LUXURY RENT A CAR,630.0,2400.0,-1.0,4,2,NISSAN SUNNY ,-1,Dubai,201533,135282,Dubai,55836,2888,5,00971582920243,2018,,,4
100.0,2,HOUSTON LUXURY RENT A CAR,630.0,2400.0,-1.0,4,2,NISSAN SUNNY ,-1,Dubai,23805,135913,Dubai,52191,2888,5,00971582920243,2023,,"[{'ReservationKey': 0, 'CarKey': 135913, 'CustomerName': 'Running Contract, 1383', 'CustomerMobile': None, 'ReservationStatus': 0, 'ReservationDateTime': None, 'FromDateTime': '7/16/2024 11:50:00 AM', 'ToDateTime': '8/15/2024 11:50:00 AM', 'DayRentValue': 0.0, 'Documents': None}]",4
100.0,2,HOUSTON LUXURY RENT A CAR,630.0,2400.0,-1.0,4,2,RENAULT SYMBOL ,-1,Dubai,116447,135919,Dubai,65950,2888,5,00971582920243,2020,,,4
100.0,2,HOUSTON LUXURY RENT A CAR,630.0,2400.0,-1.0,4,2,NISSAN SUNNY,-1,Dubai,18993,135927,Dubai,78821,2888,5,00971582920243,2023,,"[{'ReservationKey': 0, 'CarKey': 135927, 'CustomerName': 'Running Contract, 1380', 'CustomerMobile': None, 'ReservationStatus': 0, 'ReservationDateTime': None, 'FromDateTime': '7/15/2024 8:50:00 PM', 'ToDateTime': '8/14/2024 8:50:00 PM', 'DayRentValue': 0.0, 'Documents': None}]",4
100.0,2,HOUSTON LUXURY RENT A CAR,630.0,2400.0,-1.0,4,2,RENAULT SYMBOL ,-1,Dubai,156138,135932,Dubai,65946,2888,5,00971582920243,2020,,,4
100.0,2,HOUSTON LUXURY RENT A CAR,630.0,2400.0,-1.0,4,2,NISSAN SUNNY ,-1,Dubai,20148,135949,Dubai,78806,2888,5,00971582920243,2023,,,4
100.0,2,HOUSTON LUXURY RENT A CAR,630.0,2400.0,-1.0,4,2,NISSAN SUNNY ,-1,Dubai,20749,135980,Dubai,78901,2888,5,00971582920243,2023,,,4
100.0,2,HOUSTON LUXURY RENT A CAR,630.0,2400.0,-1.0,4,2,NISSAN SUNNY ,-1,Dubai,245667,135914,Dubai,20969,2888,5,00971582920243,2020,,,4
100.0,2,HOUSTON LUXURY RENT A CAR,630.0,2400.0,-1.0,4,2,NISSAN PATHFINDER,-1,Dubai,92449,135916,Dubai,58993,2888,5,00971582920243,2020,,,4
100.0,2,HOUSTON LUXURY RENT A CAR,630.0,2400.0,-1.0,4,2,NISSAN SUNNY ,-1,Dubai,24296,135930,Dubai,78836,2888,5,00971582920243,2023,,"[{'ReservationKey': 0, 'CarKey': 135930, 'CustomerName': 'Running Contract, 2507', 'CustomerMobile': None, 'ReservationStatus': 0, 'ReservationDateTime': None, 'FromDateTime': '7/9/2024 10:45:00 AM', 'ToDateTime': '7/29/2024 10:45:00 AM', 'DayRentValue': 0.0, 'Documents': None}]",4
100.0,2,HOUSTON LUXURY RENT A CAR,630.0,2400.0,-1.0,4,2,NISSAN SUNNY ,-1,Dubai,175991,137090,Dubai,19013,2888,5,00971582920243,2023,,"[{'ReservationKey': 0, 'CarKey': 137090, 'CustomerName': 'Running Contract, 1259', 'CustomerMobile': None, 'ReservationStatus': 0, 'ReservationDateTime': None, 'FromDateTime': '6/25/2024 1:30:00 PM', 'ToDateTime': '7/27/2024 1:30:00 PM', 'DayRentValue': 0.0, 'Documents': None}]",4
100.0,2,HOUSTON LUXURY RENT A CAR,630.0,2400.0,-1.0,4,2,RENAULT SYMBOL ,-1,Dubai,122130,137109,Dubai,65947,2888,5,00971582920243,2020,,,4
100.0,2,HOUSTON LUXURY RENT A CAR,630.0,2400.0,-1.0,4,2,NISSAN SUNNY ,-1,Dubai,153087,135988,Dubai,18864,2888,5,00971582920243,2019,,"[{'ReservationKey': 0, 'CarKey': 135988, 'CustomerName': 'Running Contract, 1272', 'CustomerMobile': None, 'ReservationStatus': 0, 'ReservationDateTime': None, 'FromDateTime': '6/29/2024 12:20:00 PM', 'ToDateTime': '8/28/2024 12:20:00 PM', 'DayRentValue': 0.0, 'Documents': None}]",4
100.0,2,HOUSTON LUXURY RENT A CAR,630.0,2400.0,-1.0,4,2,NISSAN ROGUE,-1,Dubai,108566,137229,Dubai,40675,2888,5,00971582920243,2021,,,4
100.0,2,HOUSTON LUXURY RENT A CAR,630.0,2400.0,-1.0,4,2,NISSAN SUNNY,-1,Dubai,32416,137267,Dubai,19552,2888,5,00971582920243,2023,,,4
100.0,2,HOUSTON LUXURY RENT A CAR,630.0,2400.0,-1.0,4,2,NISSAN VERSA,-1,Dubai,106341,137282,Dubai,85634,2888,5,00971582920243,2021,,,4
100.0,2,HOUSTON LUXURY RENT A CAR,630.0,2400.0,-1.0,4,2,NISSAN SUNNY ,-1,Dubai,168802,137285,Dubai,18972,2888,5,00971582920243,2020,,,4
100.0,2,HOUSTON LUXURY RENT A CAR,630.0,2400.0,-1.0,4,2,NISSAN SUNNY ,-1,Dubai,24024,138459,Dubai,80366,2888,5,00971582920243,2023,,,4
100.0,2,HOUSTON LUXURY RENT A CAR,630.0,2400.0,-1.0,4,2,NISSAN SUNNY,-1,Dubai,22631,129740,Dubai,20446,2888,5,00971582920243,2023,,"[{'ReservationKey': 0, 'CarKey': 129740, 'CustomerName': 'Running Contract, 148', 'CustomerMobile': None, 'ReservationStatus': 0, 'ReservationDateTime': None, 'FromDateTime': '7/6/2024 4:25:00 PM', 'ToDateTime': '8/5/2024 4:25:00 PM', 'DayRentValue': 0.0, 'Documents': None}]",4
100.0,2,HOUSTON LUXURY RENT A CAR,630.0,2400.0,-1.0,4,2,NISSAN SUNNY ,-1,Dubai,172665,141273,Dubai,29690,2888,5,00971582920243,2020,,,4
100.0,2,HOUSTON LUXURY RENT A CAR,630.0,2400.0,-1.0,4,2,RENUALT SYMBOL ,-1,Dubai,101940,141282,Dubai,66183,2888,5,00971582920243,2020,,,4
100.0,2,HOUSTON LUXURY RENT A CAR,630.0,2400.0,-1.0,4,2,RENAULT SYMBOL ,-1,Dubai,107748,141286,Dubai,15879,2888,5,00971582920243,2020,,"[{'ReservationKey': 0, 'CarKey': 141286, 'CustomerName': 'Running Contract, 1387', 'CustomerMobile': None, 'ReservationStatus': 0, 'ReservationDateTime': None, 'FromDateTime': '7/18/2024 10:10:00 AM', 'ToDateTime': '8/6/2024 10:10:00 AM', 'DayRentValue': 0.0, 'Documents': None}]",4
100.0,2,HOUSTON LUXURY RENT A CAR,630.0,2400.0,-1.0,4,2,NISSAN SUNNY ,-1,Dubai,23035,141288,Dubai,78829,2888,5,00971582920243,2023,,"[{'ReservationKey': 0, 'CarKey': 141288, 'CustomerName': 'Running Contract, 3701', 'CustomerMobile': None, 'ReservationStatus': 0, 'ReservationDateTime': None, 'FromDateTime': '7/7/2024 6:37:00 PM', 'ToDateTime': '8/2/2024 6:37:00 PM', 'DayRentValue': 0.0, 'Documents': None}]",4
100.0,2,HOUSTON LUXURY RENT A CAR,630.0,2400.0,-1.0,4,2,NISAN SUNNY ,-1,Dubai,25667,141289,Dubai,19603,2888,5,00971582920243,2023,,,4
100.0,2,HOUSTON LUXURY RENT A CAR,630.0,2400.0,-1.0,4,2,NISSAN SUNNY ,-1,Dubai,25598,141293,Dubai,78972,2888,5,00971582920243,2023,,"[{'ReservationKey': 0, 'CarKey': 141293, 'CustomerName': 'Running Contract, 1409', 'CustomerMobile': None, 'ReservationStatus': 0, 'ReservationDateTime': None, 'FromDateTime': '7/12/2024 12:25:00 PM', 'ToDateTime': '8/11/2024 12:25:00 PM', 'DayRentValue': 0.0, 'Documents': None}]",4
100.0,2,HOUSTON LUXURY RENT A CAR,630.0,2400.0,-1.0,4,2,NISSAN SUNNY ,-1,Dubai,32688,141297,Dubai,63357,2888,5,00971582920243,2023,,"[{'ReservationKey': 0, 'CarKey': 141297, 'CustomerName': 'Running Contract, 1476', 'CustomerMobile': None, 'ReservationStatus': 0, 'ReservationDateTime': None, 'FromDateTime': '8/1/2024 12:00:00 PM', 'ToDateTime': '8/8/2024 12:00:00 PM', 'DayRentValue': 0.0, 'Documents': None}]",4
100.0,2,HOUSTON LUXURY RENT A CAR,630.0,2400.0,-1.0,4,2,NISSAN SUNNY ,-1,Dubai,26606,137131,Dubai,80364,2888,5,00971582920243,2023,,"[{'ReservationKey': 0, 'CarKey': 137131, 'CustomerName': 'Running Contract, 1456', 'CustomerMobile': None, 'ReservationStatus': 0, 'ReservationDateTime': None, 'FromDateTime': '7/27/2024 11:00:00 AM', 'ToDateTime': '8/25/2024 11:00:00 AM', 'DayRentValue': 0.0, 'Documents': None}]",4
100.0,2,HOUSTON LUXURY RENT A CAR,630.0,2400.0,-1.0,4,2,NISSAN SUNNY ,-1,Dubai,171680,137180,Dubai,29390,2888,5,00971582920243,2020,,,4
100.0,2,HOUSTON LUXURY RENT A CAR,630.0,2400.0,-1.0,4,2,RENAULT  SYMBOL ,-1,Dubai,107476,141284,Dubai,65913,2888,5,00971582920243,2020,,"[{'ReservationKey': 0, 'CarKey': 141284, 'CustomerName': 'Running Contract, 1327', 'CustomerMobile': None, 'ReservationStatus': 0, 'ReservationDateTime': None, 'FromDateTime': '6/30/2024 2:33:00 PM', 'ToDateTime': '7/30/2024 2:33:00 PM', 'DayRentValue': 0.0, 'Documents': None}]",4
100.0,2,HOUSTON LUXURY RENT A CAR,630.0,2400.0,-1.0,4,2,RENAULT DUSTER ,-1,Dubai,47015,141292,Dubai,32637,2888,5,00971582920243,2023,,,4
100.0,2,HOUSTON LUXURY RENT A CAR,630.0,2400.0,-1.0,4,2,NISSAN SENTRA ,-1,Dubai,50326,141296,Dubai,76208,2888,5,00971582920243,2020,,"[{'ReservationKey': 0, 'CarKey': 141296, 'CustomerName': 'Running Contract, 1411', 'CustomerMobile': None, 'ReservationStatus': 0, 'ReservationDateTime': None, 'FromDateTime': '7/12/2024 2:10:00 PM', 'ToDateTime': '8/5/2024 2:10:00 PM', 'DayRentValue': 0.0, 'Documents': None}]",4
100.0,2,HOUSTON LUXURY RENT A CAR,630.0,2400.0,-1.0,4,2,Mitsubishi Mirage,-1,Dubai,246658,141301,Dubai,73970,2888,5,00971582920243,2018,,,4
100.0,2,HOUSTON LUXURY RENT A CAR,630.0,2400.0,-1.0,4,2,NISSAN SENTRA ,-1,Dubai,0,141312,Dubai,76086,2888,5,00971582920243,2020,,,4
100.0,2,HOUSTON LUXURY RENT A CAR,630.0,2400.0,-1.0,4,2,NISSAN SENTRA ,-1,Dubai,162806,141313,Dubai,76806,2888,5,00971582920243,2020,,,4
100.0,2,HOUSTON LUXURY RENT A CAR,630.0,2400.0,-1.0,4,2,NISSAN SUNNY ,-1,Dubai,20818,137187,Dubai,13781,2888,5,00971582920243,2020,,,4
100.0,2,HOUSTON LUXURY RENT A CAR,630.0,2400.0,-1.0,4,2,NISSAN SUNNY ,-1,Dubai,22522,137189,Dubai,78813,2888,5,00971582920243,2020,,,4
100.0,2,HOUSTON LUXURY RENT A CAR,630.0,2400.0,-1.0,4,2,NISSAN SUNNY ,-1,Dubai,171187,137190,Dubai,93561,2888,5,00971582920243,2019,,,4
100.0,2,HOUSTON LUXURY RENT A CAR,630.0,2400.0,-1.0,4,2,NISSAN SUNNY ,-1,Dubai,29011,137204,Dubai,32880,2888,5,00971582920243,2020,,"[{'ReservationKey': 0, 'CarKey': 137204, 'CustomerName': 'Running Contract, 1385', 'CustomerMobile': None, 'ReservationStatus': 0, 'ReservationDateTime': None, 'FromDateTime': '7/17/2024 9:00:00 PM', 'ToDateTime': '8/16/2024 9:00:00 PM', 'DayRentValue': 0.0, 'Documents': None}]",4
100.0,2,HOUSTON LUXURY RENT A CAR,630.0,2400.0,-1.0,4,2,SPARK,-1,Dubai,108737,137211,Dubai,74159,2888,5,00971582920243,2019,,"[{'ReservationKey': 0, 'CarKey': 137211, 'CustomerName': 'Running Contract, 3658', 'CustomerMobile': None, 'ReservationStatus': 0, 'ReservationDateTime': None, 'FromDateTime': '7/25/2024 4:40:00 PM', 'ToDateTime': '8/7/2024 4:40:00 PM', 'DayRentValue': 0.0, 'Documents': None}]",4
100.0,2,HOUSTON LUXURY RENT A CAR,630.0,2400.0,-1.0,4,2,NISSAN SUNNY ,-1,Dubai,29072,137212,Dubai,78957,2888,5,00971582920243,2023,,"[{'ReservationKey': 0, 'CarKey': 137212, 'CustomerName': 'Running Contract, 1384', 'CustomerMobile': None, 'ReservationStatus': 0, 'ReservationDateTime': None, 'FromDateTime': '7/17/2024 10:45:00 AM', 'ToDateTime': '7/28/2024 10:45:00 AM', 'DayRentValue': 0.0, 'Documents': None}]",4
100.0,2,HOUSTON LUXURY RENT A CAR,630.0,2400.0,-1.0,4,2,NISSAN SUNNY ,-1,Dubai,180231,137213,Dubai,56467,2888,5,00971582920243,2019,,,4
100.0,2,HOUSTON LUXURY RENT A CAR,630.0,2400.0,-1.0,4,2,NISSAN SUNY ,-1,Dubai,233668,137216,Dubai,76759,2888,5,00971582920243,2019,,"[{'ReservationKey': 0, 'CarKey': 137216, 'CustomerName': 'Running Contract, 139', 'CustomerMobile': None, 'ReservationStatus': 0, 'ReservationDateTime': None, 'FromDateTime': '6/25/2024 6:04:00 PM', 'ToDateTime': '6/26/2024 6:04:00 PM', 'DayRentValue': 0.0, 'Documents': None}]",4
100.0,2,HOUSTON LUXURY RENT A CAR,630.0,2400.0,-1.0,4,2,"RENAULT, DUSTER",-1,Dubai,38982,137224,Dubai,32655,2888,5,00971582920243,2023,,,4
100.0,2,HOUSTON LUXURY RENT A CAR,630.0,2400.0,-1.0,4,2,CHEVROLET SPARK ,-1,Dubai,99167,137227,Dubai,74215,2888,5,00971582920243,2020,,"[{'ReservationKey': 0, 'CarKey': 137227, 'CustomerName': 'Running Contract, 1365', 'CustomerMobile': None, 'ReservationStatus': 0, 'ReservationDateTime': None, 'FromDateTime': '7/11/2024 11:50:00 AM', 'ToDateTime': '8/10/2024 11:50:00 AM', 'DayRentValue': 0.0, 'Documents': None}]",4
100.0,2,HOUSTON LUXURY RENT A CAR,630.0,2400.0,-1.0,4,2,nissan sunny ,-1,Dubai,23169,141259,Dubai,12773,2888,5,00971582920243,2023,,"[{'ReservationKey': 0, 'CarKey': 141259, 'CustomerName': 'Running Contract, 3706', 'CustomerMobile': None, 'ReservationStatus': 0, 'ReservationDateTime': None, 'FromDateTime': '7/14/2024 6:52:00 PM', 'ToDateTime': '7/18/2024 6:52:00 PM', 'DayRentValue': 0.0, 'Documents': None}]",4
100.0,2,HOUSTON LUXURY RENT A CAR,630.0,2400.0,-1.0,4,2,NISSAN SENTRA ,-1,Dubai,94930,141299,Dubai,16113,2888,5,00971582920243,2020,,,4
100.0,2,HOUSTON LUXURY RENT A CAR,630.0,2400.0,-1.0,4,2,spark ,-1,Dubai,96926,141363,Dubai,74153,2888,5,00971582920243,2020,,"[{'ReservationKey': 0, 'CarKey': 141363, 'CustomerName': 'Running Contract, 146', 'CustomerMobile': None, 'ReservationStatus': 0, 'ReservationDateTime': None, 'FromDateTime': '7/4/2024 6:13:00 PM', 'ToDateTime': '8/9/2024 6:13:00 PM', 'DayRentValue': 0.0, 'Documents': None}]",4
100.0,2,HOUSTON LUXURY RENT A CAR,630.0,2400.0,-1.0,4,2,NISSAN SUNNY,-1,Dubai,25592,132384,Dubai,19622,2888,5,00971582920243,2023,,,4
100.0,2,HOUSTON LUXURY RENT A CAR,630.0,2400.0,-1.0,4,2,NISSAN SUNNY ,-1,Dubai,12724,132394,Dubai,80367,2888,5,00971582920243,2020,,,4
100.0,2,HOUSTON LUXURY RENT A CAR,630.0,2400.0,-1.0,4,2,NISSAN SUNNY ,-1,Dubai,25751,141732,Dubai,48469,2888,5,00971582920243,2023,,"[{'ReservationKey': 0, 'CarKey': 141732, 'CustomerName': 'Running Contract, 1397', 'CustomerMobile': None, 'ReservationStatus': 0, 'ReservationDateTime': None, 'FromDateTime': '7/24/2024 10:20:00 AM', 'ToDateTime': '8/7/2024 10:20:00 AM', 'DayRentValue': 0.0, 'Documents': None}]",4
100.0,2,HOUSTON LUXURY RENT A CAR,630.0,2400.0,-1.0,4,2,NISSAN SUNNY ,-1,Dubai,34794,141360,Dubai,62965,2888,5,00971582920243,2023,,,4
100.0,2,HOUSTON LUXURY RENT A CAR,630.0,2400.0,-1.0,4,2,INFINITY Q X 60 ,-1,Dubai,149005,141414,Dubai,89683,2888,5,00971582920243,2021,,"[{'ReservationKey': 0, 'CarKey': 141414, 'CustomerName': 'Running Contract, 1345', 'CustomerMobile': None, 'ReservationStatus': 0, 'ReservationDateTime': None, 'FromDateTime': '7/4/2024 4:50:00 PM', 'ToDateTime': '7/15/2024 4:50:00 PM', 'DayRentValue': 0.0, 'Documents': None}]",4
100.0,2,HOUSTON LUXURY RENT A CAR,630.0,2400.0,-1.0,4,2,NISSAN SUNNY ,-1,Dubai,26874,132366,Dubai,68870,2888,5,00971582920243,2020,,"[{'ReservationKey': 0, 'CarKey': 132366, 'CustomerName': 'Running Contract, 585', 'CustomerMobile': None, 'ReservationStatus': 0, 'ReservationDateTime': None, 'FromDateTime': '6/24/2024 5:10:00 PM', 'ToDateTime': '8/2/2024 5:10:00 PM', 'DayRentValue': 0.0, 'Documents': None}]",4
100.0,2,HOUSTON LUXURY RENT A CAR,630.0,2400.0,-1.0,4,2,NISSAN SUNNY ,-1,Dubai,21590,141408,Dubai,91132,2888,5,00971582920243,2023,,,4
100.0,2,HOUSTON LUXURY RENT A CAR,630.0,2400.0,-1.0,4,2,NISSAN SUNNY ,-1,Dubai,25125,141411,Dubai,85329,2888,5,00971582920243,2023,,"[{'ReservationKey': 0, 'CarKey': 141411, 'CustomerName': 'Running Contract, 1344', 'CustomerMobile': None, 'ReservationStatus': 0, 'ReservationDateTime': None, 'FromDateTime': '7/4/2024 2:55:00 PM', 'ToDateTime': '8/3/2024 2:55:00 PM', 'DayRentValue': 0.0, 'Documents': None}]",4
100.0,2,HOUSTON LUXURY RENT A CAR,630.0,2400.0,-1.0,4,2,NISSAN SUNNY ,-1,Dubai,26377,141418,Dubai,86024,2888,5,00971582920243,2024,,"[{'ReservationKey': 0, 'CarKey': 141418, 'CustomerName': 'Running Contract, 366', 'CustomerMobile': None, 'ReservationStatus': 0, 'ReservationDateTime': None, 'FromDateTime': '7/28/2024 3:40:00 PM', 'ToDateTime': '7/31/2024 3:40:00 PM', 'DayRentValue': 0.0, 'Documents': None}]",4
100.0,2,HOUSTON LUXURY RENT A CAR,630.0,2400.0,-1.0,4,2,NISSAN SUNNY ,-1,Dubai,112176,141514,Dubai,55841,2888,5,00971582920243,2019,,"[{'ReservationKey': 0, 'CarKey': 141514, 'CustomerName': 'Running Contract, 1294', 'CustomerMobile': None, 'ReservationStatus': 0, 'ReservationDateTime': None, 'FromDateTime': '7/6/2024 3:35:00 PM', 'ToDateTime': '7/15/2024 3:35:00 PM', 'DayRentValue': 0.0, 'Documents': None}]",4
100.0,2,HOUSTON LUXURY RENT A CAR,630.0,2400.0,-1.0,4,2,NISSAN SUNNY ,-1,Dubai,36266,141469,Dubai,48782,2888,5,00971582920243,2020,,,4
100.0,2,HOUSTON LUXURY RENT A CAR,630.0,2400.0,-1.0,4,2,RENAULT SYMBOL,-1,Dubai,146695,132505,Dubai,53680,2888,5,00971582920243,2020,,,4
100.0,2,HOUSTON LUXURY RENT A CAR,630.0,2400.0,-1.0,4,2,MIRGE,-1,Dubai,209110,132507,Dubai,39401,2888,5,00971582920243,2018,,,4
100.0,2,HOUSTON LUXURY RENT A CAR,630.0,2400.0,-1.0,4,2,KIA PICANTO,-1,Dubai,239157,131129,Dubai,68036,2888,5,00971582920243,2015,,,4
100.0,2,HOUSTON LUXURY RENT A CAR,630.0,2400.0,-1.0,4,2,NISAN SUNNY ,-1,Dubai,217309,128745,Dubai,93546,2888,5,00971582920243,2024,,,4
100.0,2,HOUSTON LUXURY RENT A CAR,630.0,2400.0,-1.0,4,2,NISSAN SUNNY,-1,Dubai,12583,128964,Dubai,85293,2888,5,00971582920243,2023,,,4
100.0,2,HOUSTON LUXURY RENT A CAR,630.0,2400.0,-1.0,4,2,NISSAN SUNNY,-1,Dubai,24781,129821,Dubai,31046,2888,5,00971582920243,2023,,,4
100.0,2,HOUSTON LUXURY RENT A CAR,630.0,2400.0,-1.0,4,2,NISSAN SUNNY,-1,Dubai,23417,129842,Dubai,85969,2888,5,00971582920243,2023,,"[{'ReservationKey': 0, 'CarKey': 129842, 'CustomerName': 'Running Contract, 1407', 'CustomerMobile': None, 'ReservationStatus': 0, 'ReservationDateTime': None, 'FromDateTime': '7/11/2024 5:05:00 PM', 'ToDateTime': '8/10/2024 5:05:00 PM', 'DayRentValue': 0.0, 'Documents': None}]",4
100.0,2,HOUSTON LUXURY RENT A CAR,630.0,2400.0,-1.0,4,2,NISSAN SUNNY,-1,Dubai,15255,129843,Dubai,48710,2888,5,00971582920243,2023,,"[{'ReservationKey': 0, 'CarKey': 129843, 'CustomerName': 'Running Contract, 364', 'CustomerMobile': None, 'ReservationStatus': 0, 'ReservationDateTime': None, 'FromDateTime': '7/10/2024 6:10:00 PM', 'ToDateTime': '8/9/2024 6:10:00 PM', 'DayRentValue': 0.0, 'Documents': None}]",4
100.0,2,HOUSTON LUXURY RENT A CAR,630.0,2400.0,-1.0,4,2,NISSAN SUNNY,-1,Dubai,24860,129844,Dubai,85789,2888,5,00971582920243,2023,,,4
100.0,2,HOUSTON LUXURY RENT A CAR,630.0,2400.0,-1.0,4,2,NISSAN SUNNY,-1,Dubai,209865,129829,Dubai,76784,2888,5,00971582920243,2019,,,4
100.0,2,HOUSTON LUXURY RENT A CAR,630.0,2400.0,-1.0,4,2,RENAULT SYMBOL,-1,Dubai,143560,129849,Dubai,65910,2888,5,00971582920243,2020,,,4
100.0,2,HOUSTON LUXURY RENT A CAR,630.0,2400.0,-1.0,4,2,CHEVROLET SPARK,-1,Dubai,90959,130935,Dubai,74212,2888,5,00971582920243,2016,,"[{'ReservationKey': 0, 'CarKey': 130935, 'CustomerName': 'Running Contract, 77', 'CustomerMobile': None, 'ReservationStatus': 0, 'ReservationDateTime': None, 'FromDateTime': '4/13/2024 2:20:00 PM', 'ToDateTime': '7/29/2024 2:20:00 PM', 'DayRentValue': 0.0, 'Documents': None}]",4
100.0,2,HOUSTON LUXURY RENT A CAR,630.0,2400.0,-1.0,4,2,RENAULT SYMBOL,-1,Dubai,157843,130963,Dubai,81995,2888,5,00971582920243,2020,,,4
100.0,2,HOUSTON LUXURY RENT A CAR,630.0,2400.0,-1.0,4,2,NISSAN SUNNY ,-1,Dubai,20041,141918,Dubai,85364,2888,5,00971582920243,2023,,"[{'ReservationKey': 0, 'CarKey': 141918, 'CustomerName': 'Running Contract, 1471', 'CustomerMobile': None, 'ReservationStatus': 0, 'ReservationDateTime': None, 'FromDateTime': '7/29/2024 7:10:00 PM', 'ToDateTime': '8/28/2024 7:10:00 PM', 'DayRentValue': 0.0, 'Documents': None}]",4
100.0,2,HOUSTON LUXURY RENT A CAR,630.0,2400.0,-1.0,4,2,MITSUBISHI MIRAGE ,-1,Dubai,13116,141944,Dubai,87726,2888,5,00971582920243,2020,,"[{'ReservationKey': 0, 'CarKey': 141944, 'CustomerName': 'Running Contract, 1445', 'CustomerMobile': None, 'ReservationStatus': 0, 'ReservationDateTime': None, 'FromDateTime': '7/22/2024 5:50:00 PM', 'ToDateTime': '8/5/2024 5:50:00 PM', 'DayRentValue': 0.0, 'Documents': None}]",4
100.0,2,HOUSTON LUXURY RENT A CAR,630.0,2400.0,-1.0,4,2,NISAN SUNNY ,-1,Dubai,11905,141946,Dubai,78831,2888,5,00971582920243,2023,,,4
100.0,2,HOUSTON LUXURY RENT A CAR,630.0,2400.0,-1.0,4,2,NISSAN SUNNY ,-1,Dubai,16548,142117,Dubai,78974,2888,5,00971582920243,2023,,"[{'ReservationKey': 0, 'CarKey': 142117, 'CustomerName': 'Running Contract, 1461', 'CustomerMobile': None, 'ReservationStatus': 0, 'ReservationDateTime': None, 'FromDateTime': '7/28/2024 2:15:00 PM', 'ToDateTime': '8/27/2024 2:15:00 PM', 'DayRentValue': 0.0, 'Documents': None}]",4
100.0,2,HOUSTON LUXURY RENT A CAR,630.0,2400.0,-1.0,4,2,RENAULT SYMBOL,-1,Dubai,118086,142199,Dubai,65945,2888,5,00971582920243,2020,,"[{'ReservationKey': 0, 'CarKey': 142199, 'CustomerName': 'Running Contract, 1458', 'CustomerMobile': None, 'ReservationStatus': 0, 'ReservationDateTime': None, 'FromDateTime': '7/27/2024 7:55:00 PM', 'ToDateTime': '8/26/2024 7:55:00 PM', 'DayRentValue': 0.0, 'Documents': None}]",4
100.0,2,HOUSTON LUXURY RENT A CAR,630.0,2400.0,-1.0,4,2,"RENAULT, SYMBOL",-1,Dubai,130734,142200,Dubai,65919,2888,5,00971582920243,2020,,"[{'ReservationKey': 0, 'CarKey': 142200, 'CustomerName': 'Running Contract, 3665', 'CustomerMobile': None, 'ReservationStatus': 0, 'ReservationDateTime': None, 'FromDateTime': '7/28/2024 10:50:00 AM', 'ToDateTime': '8/4/2024 10:50:00 AM', 'DayRentValue': 0.0, 'Documents': None}]",4
100.0,2,HOUSTON LUXURY RENT A CAR,630.0,2400.0,-1.0,4,2,RENAULT SYMBOL ,-1,Dubai,154025,142245,Dubai,82470,2888,5,00971582920243,2017,,"[{'ReservationKey': 0, 'CarKey': 142245, 'CustomerName': 'Running Contract, 1468', 'CustomerMobile': None, 'ReservationStatus': 0, 'ReservationDateTime': None, 'FromDateTime': '7/30/2024 2:05:00 PM', 'ToDateTime': '7/31/2024 2:05:00 PM', 'DayRentValue': 0.0, 'Documents': None}]",4
100.0,2,HOUSTON LUXURY RENT A CAR,630.0,2400.0,-1.0,4,2,MISSAN SUNNY ,-1,Dubai,27182,142193,Dubai,19604,2888,5,00971582920243,2023,,"[{'ReservationKey': 0, 'CarKey': 142193, 'CustomerName': 'Running Contract, 977', 'CustomerMobile': None, 'ReservationStatus': 0, 'ReservationDateTime': None, 'FromDateTime': '8/1/2024 6:55:00 PM', 'ToDateTime': '8/3/2024 6:55:00 PM', 'DayRentValue': 0.0, 'Documents': None}]",4
100.0,2,HOUSTON LUXURY RENT A CAR,630.0,2400.0,-1.0,4,2,NISSAN SUNNY ,-1,Dubai,159903,142139,Dubai,18997,2888,5,00971582920243,2019,,"[{'ReservationKey': 0, 'CarKey': 142139, 'CustomerName': 'Running Contract, 3659', 'CustomerMobile': None, 'ReservationStatus': 0, 'ReservationDateTime': None, 'FromDateTime': '7/26/2024 10:30:00 AM', 'ToDateTime': '8/19/2024 10:30:00 AM', 'DayRentValue': 0.0, 'Documents': None}]",4
100.0,2,HOUSTON LUXURY RENT A CAR,630.0,2400.0,-1.0,4,2,MITSUBISHI MIRAGE,-1,Dubai,187161,135592,Dubai,67615,2888,5,00971582920243,2015,,,4
100.0,2,HOUSTON LUXURY RENT A CAR,630.0,2400.0,-1.0,4,2,NISSAN SUNNY ,-1,Dubai,127021,135593,Dubai,34630,2888,5,00971582920243,2020,,,4
100.0,2,HOUSTON LUXURY RENT A CAR,630.0,2400.0,-1.0,4,2,NISSAN SUNNY ,-1,Dubai,143827,135662,Dubai,29698,2888,5,00971582920243,2019,,"[{'ReservationKey': 0, 'CarKey': 135662, 'CustomerName': 'Running Contract, 197', 'CustomerMobile': None, 'ReservationStatus': 0, 'ReservationDateTime': None, 'FromDateTime': '5/20/2024 8:25:00 PM', 'ToDateTime': '7/4/2024 8:25:00 PM', 'DayRentValue': 0.0, 'Documents': None}]",4
100.0,2,HOUSTON LUXURY RENT A CAR,630.0,2400.0,-1.0,4,2,NISSAN SUNNY,-1,Dubai,35832,135673,Dubai,28930,2888,5,00971582920243,2023,,"[{'ReservationKey': 0, 'CarKey': 135673, 'CustomerName': 'Running Contract, 1467', 'CustomerMobile': None, 'ReservationStatus': 0, 'ReservationDateTime': None, 'FromDateTime': '7/30/2024 11:50:00 AM', 'ToDateTime': '8/3/2024 11:50:00 AM', 'DayRentValue': 0.0, 'Documents': None}]",4
100.0,2,HOUSTON LUXURY RENT A CAR,630.0,2400.0,-1.0,4,2,NISSAN SUNNY,-1,Dubai,153025,135677,Dubai,29580,2888,5,00971582920243,2019,,,4
100.0,2,HOUSTON LUXURY RENT A CAR,630.0,2400.0,-1.0,4,2,NISSAN KICKS ,-1,Dubai,146137,135616,Dubai,81977,2888,5,00971582920243,2020,,,4
100.0,2,HOUSTON LUXURY RENT A CAR,630.0,2400.0,-1.0,4,2,NISSAN SUNNY ,-1,Dubai,31076,135682,Dubai,29565,2888,5,00971582920243,2023,,"[{'ReservationKey': 0, 'CarKey': 135682, 'CustomerName': 'Running Contract, 1358', 'CustomerMobile': None, 'ReservationStatus': 0, 'ReservationDateTime': None, 'FromDateTime': '7/7/2024 7:50:00 PM', 'ToDateTime': '8/6/2024 7:50:00 PM', 'DayRentValue': 0.0, 'Documents': None}]",4
100.0,2,HOUSTON LUXURY RENT A CAR,630.0,2400.0,-1.0,4,2,RENAULT SYMBOL ,-1,Dubai,114640,135684,Dubai,65924,2888,5,00971582920243,2020,,"[{'ReservationKey': 0, 'CarKey': 135684, 'CustomerName': 'Running Contract, 3667', 'CustomerMobile': None, 'ReservationStatus': 0, 'ReservationDateTime': None, 'FromDateTime': '7/28/2024 12:05:00 PM', 'ToDateTime': '8/1/2024 12:05:00 PM', 'DayRentValue': 0.0, 'Documents': None}]",4
100.0,2,HOUSTON LUXURY RENT A CAR,630.0,2400.0,-1.0,4,2,NISSAN SUNNY,-1,Dubai,19228,135860,Dubai,80374,2888,5,00971582920243,2020,,,4
100.0,2,HOUSTON LUXURY RENT A CAR,630.0,2400.0,-1.0,4,2,HONDA CIVIC ,-1,Dubai,139898,135898,Dubai,19423,2888,5,00971582920243,2020,,,4
100.0,2,HOUSTON LUXURY RENT A CAR,630.0,2400.0,-1.0,4,2,NISSAN SUNNY ,-1,Dubai,26905,135912,Dubai,74297,2888,5,00971582920243,2020,,"[{'ReservationKey': 0, 'CarKey': 135912, 'CustomerName': 'Running Contract, 583', 'CustomerMobile': None, 'ReservationStatus': 0, 'ReservationDateTime': None, 'FromDateTime': '6/24/2024 11:35:00 AM', 'ToDateTime': '9/22/2024 11:35:00 AM', 'DayRentValue': 0.0, 'Documents': None}]",4
100.0,2,HOUSTON LUXURY RENT A CAR,630.0,2400.0,-1.0,4,2,NISSAN SUNNY,-1,Dubai,24637,135849,Dubai,78843,2888,5,00971582920243,2023,,,4
100.0,2,HOUSTON LUXURY RENT A CAR,630.0,2400.0,-1.0,4,2,NISSAN SUNNY ,-1,Dubai,27748,135983,Dubai,89230,2888,5,00971582920243,2023,,,4
100.0,2,HOUSTON LUXURY RENT A CAR,630.0,2400.0,-1.0,4,2,NISSAN SUNNY ,-1,Dubai,211639,137177,Dubai,55843,2888,5,00971582920243,2019,,,4
100.0,2,HOUSTON LUXURY RENT A CAR,630.0,2400.0,-1.0,4,2,NISSAN SUNNY ,-1,Dubai,25829,134643,Dubai,78893,2888,5,00971582920243,2023,,"[{'ReservationKey': 0, 'CarKey': 134643, 'CustomerName': 'Running Contract, 3680', 'CustomerMobile': None, 'ReservationStatus': 0, 'ReservationDateTime': None, 'FromDateTime': '8/1/2024 11:40:00 AM', 'ToDateTime': '8/15/2024 11:40:00 AM', 'DayRentValue': 0.0, 'Documents': None}]",4
100.0,2,HOUSTON LUXURY RENT A CAR,630.0,2400.0,-1.0,4,2,NISSAN SUNNY,-1,Dubai,40093,134857,Dubai,29543,2888,5,00971582920243,2024,,"[{'ReservationKey': 0, 'CarKey': 134857, 'CustomerName': 'Running Contract, 1399', 'CustomerMobile': None, 'ReservationStatus': 0, 'ReservationDateTime': None, 'FromDateTime': '7/24/2024 8:40:00 PM', 'ToDateTime': '8/21/2024 8:40:00 PM', 'DayRentValue': 0.0, 'Documents': None}]",4
100.0,2,HOUSTON LUXURY RENT A CAR,630.0,2400.0,-1.0,4,2,NISSAN KICKS ,-1,Dubai,147348,134881,Dubai,81983,2888,5,00971582920243,2019,,,4
100.0,2,HOUSTON LUXURY RENT A CAR,630.0,2400.0,-1.0,4,2,NISSAN SUINNY ,-1,Dubai,215306,141449,Dubai,55861,2888,5,00971582920243,2019,,"[{'ReservationKey': 0, 'CarKey': 141449, 'CustomerName': 'Running Contract, 1350', 'CustomerMobile': None, 'ReservationStatus': 0, 'ReservationDateTime': None, 'FromDateTime': '7/5/2024 1:00:00 PM', 'ToDateTime': '8/4/2024 1:00:00 PM', 'DayRentValue': 0.0, 'Documents': None}]",4
100.0,2,HOUSTON LUXURY RENT A CAR,630.0,2400.0,-1.0,4,2,NISSAN VERSA ,-1,Dubai,67039,141526,Dubai,68940,2888,5,00971582920243,2023,,,4
100.0,2,HOUSTON LUXURY RENT A CAR,630.0,2400.0,-1.0,4,2,RENAULT SYMBAL ,-1,Dubai,127208,134940,Dubai,67106,2888,5,00971582920243,2020,,,4
100.0,2,HOUSTON LUXURY RENT A CAR,630.0,2400.0,-1.0,4,2,NISSAN SUNNY,-1,Dubai,39121,134986,Dubai,28997,2888,5,00971582920243,2023,,"[{'ReservationKey': 0, 'CarKey': 134986, 'CustomerName': 'Running Contract, 1088', 'CustomerMobile': None, 'ReservationStatus': 0, 'ReservationDateTime': None, 'FromDateTime': '6/27/2024 9:42:00 AM', 'ToDateTime': '8/1/2024 9:42:00 AM', 'DayRentValue': 0.0, 'Documents': None}]",4
100.0,2,HOUSTON LUXURY RENT A CAR,630.0,2400.0,-1.0,4,2,NISSAN SUNNY,-1,Dubai,39796,135012,Dubai,29553,2888,5,00971582920243,2023,,,4
100.0,2,HOUSTON LUXURY RENT A CAR,630.0,2400.0,-1.0,4,2,NISSAN SUNNY,-1,Dubai,20205,135029,Dubai,80356,2888,5,00971582920243,2023,,,4
100.0,2,HOUSTON LUXURY RENT A CAR,630.0,2400.0,-1.0,4,2,NISSAN SUNNY ,-1,Dubai,34031,141525,Dubai,19562,2888,5,00971582920243,2023,,,4
100.0,2,HOUSTON LUXURY RENT A CAR,630.0,2400.0,-1.0,4,2,MITSUBISHI MIRAGE ,-1,Dubai,148893,141724,Dubai,42639,2888,5,00971582920243,2020,,"[{'ReservationKey': 0, 'CarKey': 141724, 'CustomerName': 'Running Contract, 3705', 'CustomerMobile': None, 'ReservationStatus': 0, 'ReservationDateTime': None, 'FromDateTime': '7/14/2024 1:25:00 PM', 'ToDateTime': '8/13/2024 1:25:00 PM', 'DayRentValue': 0.0, 'Documents': None}]",4
100.0,2,HOUSTON LUXURY RENT A CAR,630.0,2400.0,-1.0,4,2,NISSAN SUNNY ,-1,Dubai,28125,141725,Dubai,19620,2888,5,00971582920243,2023,,"[{'ReservationKey': 0, 'CarKey': 141725, 'CustomerName': 'Running Contract, 3712', 'CustomerMobile': None, 'ReservationStatus': 0, 'ReservationDateTime': None, 'FromDateTime': '7/20/2024 2:25:00 PM', 'ToDateTime': '7/26/2024 2:25:00 PM', 'DayRentValue': 0.0, 'Documents': None}]",4
100.0,2,HOUSTON LUXURY RENT A CAR,630.0,2400.0,-1.0,4,2,NISSAN SUNNY ,-1,Dubai,139847,141727,Dubai,18792,2888,5,00971582920243,2023,,,4
100.0,2,HOUSTON LUXURY RENT A CAR,630.0,2400.0,-1.0,4,2,RENAULT SYMBOL ,-1,Dubai,139125,141728,Dubai,67095,2888,5,00971582920243,2020,,"[{'ReservationKey': 0, 'CarKey': 141728, 'CustomerName': 'Running Contract, 1376', 'CustomerMobile': None, 'ReservationStatus': 0, 'ReservationDateTime': None, 'FromDateTime': '7/14/2024 4:50:00 PM', 'ToDateTime': '7/15/2024 4:50:00 PM', 'DayRentValue': 0.0, 'Documents': None}]",4
100.0,2,HOUSTON LUXURY RENT A CAR,630.0,2400.0,-1.0,4,2,NISSAN SUNNY ,-1,Dubai,246500,141731,Dubai,29667,2888,5,00971582920243,2019,,,4
100.0,2,HOUSTON LUXURY RENT A CAR,630.0,2400.0,-1.0,4,2,NISSAN SUNNY ,-1,Dubai,17422,141804,Dubai,23710,2888,5,00971582920243,2023,,"[{'ReservationKey': 0, 'CarKey': 141804, 'CustomerName': 'Running Contract, 1466', 'CustomerMobile': None, 'ReservationStatus': 0, 'ReservationDateTime': None, 'FromDateTime': '7/29/2024 10:50:00 AM', 'ToDateTime': '8/12/2024 10:50:00 AM', 'DayRentValue': 0.0, 'Documents': None}]",4
100.0,2,HOUSTON LUXURY RENT A CAR,630.0,2400.0,-1.0,4,2,NISSAN SUNNY ,-1,Dubai,35396,134934,Dubai,85323,2888,5,00971582920243,2023,,"[{'ReservationKey': 0, 'CarKey': 134934, 'CustomerName': 'Running Contract, 1474', 'CustomerMobile': None, 'ReservationStatus': 0, 'ReservationDateTime': None, 'FromDateTime': '7/31/2024 12:25:00 PM', 'ToDateTime': '8/15/2024 12:25:00 PM', 'DayRentValue': 0.0, 'Documents': None}]",4
100.0,2,HOUSTON LUXURY RENT A CAR,630.0,2400.0,-1.0,4,2,RENUALT SYMBOL ,-1,Dubai,119707,141512,Dubai,61635,2888,5,00971582920243,2020,,,4
100.0,2,HOUSTON LUXURY RENT A CAR,630.0,2400.0,-1.0,4,2,KIA PICANTO,-1,Dubai,230238,141542,Dubai,65035,2888,5,00971582920243,2014,,,4
100.0,2,HOUSTON LUXURY RENT A CAR,630.0,2400.0,-1.0,4,2,NISSAN SUNNY ,-1,Dubai,146827,134999,Dubai,29594,2888,5,00971582920243,2019,,,4
100.0,2,HOUSTON LUXURY RENT A CAR,630.0,2400.0,-1.0,4,2,NISSAN SUNNY ,-1,Dubai,24007,141568,Dubai,19587,2888,5,00971582920243,2023,,,4
100.0,2,HOUSTON LUXURY RENT A CAR,630.0,2400.0,-1.0,4,2,NISSAN SUNNY ,-1,Dubai,223138,141644,Dubai,76756,2888,5,00971582920243,2023,,"[{'ReservationKey': 0, 'CarKey': 141644, 'CustomerName': 'Running Contract, 624', 'CustomerMobile': None, 'ReservationStatus': 0, 'ReservationDateTime': None, 'FromDateTime': '7/11/2024 2:10:00 PM', 'ToDateTime': '7/17/2024 2:10:00 PM', 'DayRentValue': 0.0, 'Documents': None}]",4
100.0,2,HOUSTON LUXURY RENT A CAR,630.0,2400.0,-1.0,4,2,NISSAN SUUNY ,-1,Dubai,29200,129850,Dubai,28937,2888,5,00971582920243,2023,,,4
100.0,2,HOUSTON LUXURY RENT A CAR,630.0,2400.0,-1.0,4,2,NISSAN SUNNY,-1,Dubai,163525,135813,Dubai,56395,2888,5,00971582920243,2018,,,4
100.0,2,HOUSTON LUXURY RENT A CAR,630.0,2400.0,-1.0,4,2,NISSAN SUNNY ,-1,Dubai,13074,135818,Dubai,19579,2888,5,00971582920243,2023,,,4
100.0,2,HOUSTON LUXURY RENT A CAR,630.0,2400.0,-1.0,4,2,RENAULT SYMBOL ,-1,Dubai,99352,135848,Dubai,67064,2888,5,00971582920243,2020,,,4
100.0,2,HOUSTON LUXURY RENT A CAR,630.0,2400.0,-1.0,4,2,NISSAN SUNNY,-1,Dubai,14539,130883,Dubai,43416,2888,5,00971582920243,2023,,,4
100.0,2,HOUSTON LUXURY RENT A CAR,630.0,2400.0,-1.0,4,2,NISSAN KICKS,-1,Dubai,127528,130933,Dubai,81982,2888,5,00971582920243,2024,,,4
100.0,2,HOUSTON LUXURY RENT A CAR,630.0,2400.0,-1.0,4,2,MITSUBISHI MIRAGE,-1,Dubai,213945,130934,Dubai,67625,2888,5,00971582920243,2024,,,4
100.0,2,HOUSTON LUXURY RENT A CAR,630.0,2400.0,-1.0,4,2,RENAULT DUSTER,-1,Dubai,66059,130962,Dubai,59215,2888,5,00971582920243,2024,,,4
100.0,2,HOUSTON LUXURY RENT A CAR,630.0,2400.0,-1.0,4,2,NISSAN KICKS,-1,Dubai,154481,130987,Dubai,81980,2888,5,00971582920243,2020,,,4
100.0,2,HOUSTON LUXURY RENT A CAR,630.0,2400.0,-1.0,4,2,NISSAN SUNNY,-1,Dubai,168879,131103,Dubai,29676,2888,5,00971582920243,2019,,,4
100.0,2,HOUSTON LUXURY RENT A CAR,630.0,2400.0,-1.0,4,2,NISSAN SUNNY,-1,Dubai,24693,131136,Dubai,28932,2888,5,00971582920243,2023,,,4
100.0,2,HOUSTON LUXURY RENT A CAR,630.0,2400.0,-1.0,4,2,NISSAN SUNNY,-1,Dubai,19928,131137,Dubai,85483,2888,5,00971582920243,2023,,,4
100.0,2,HOUSTON LUXURY RENT A CAR,630.0,2400.0,-1.0,4,2,MITSUBISHI MIRAGE ,-1,Dubai,222761,131147,Dubai,39418,2888,5,00971582920243,2015,,,4
100.0,2,HOUSTON LUXURY RENT A CAR,630.0,2400.0,-1.0,4,2,NISSAN SUNNY ,-1,Dubai,19034,131169,Dubai,85045,2888,5,00971582920243,2023,,,4
100.0,2,HOUSTON LUXURY RENT A CAR,630.0,2400.0,-1.0,4,2,NISSAN SUNNY ,-1,Dubai,15601,134712,Dubai,12930,2888,5,00971582920243,2023,,,4
100.0,2,HOUSTON LUXURY RENT A CAR,630.0,2400.0,-1.0,4,2,NISSAN KICKS ,-1,Dubai,47358,139821,Dubai,50429,2888,5,00971582920243,2020,,"[{'ReservationKey': 0, 'CarKey': 139821, 'CustomerName': 'Running Contract, 3713', 'CustomerMobile': None, 'ReservationStatus': 0, 'ReservationDateTime': None, 'FromDateTime': '7/25/2024 4:12:00 PM', 'ToDateTime': '8/1/2024 4:12:00 PM', 'DayRentValue': 0.0, 'Documents': None}]",4
100.0,2,HOUSTON LUXURY RENT A CAR,630.0,2400.0,-1.0,4,2,NISSAN SUNNY ,-1,Dubai,19530,139844,Dubai,63412,2888,5,00971582920243,2020,,"[{'ReservationKey': 0, 'CarKey': 139844, 'CustomerName': 'Running Contract, 126', 'CustomerMobile': None, 'ReservationStatus': 0, 'ReservationDateTime': None, 'FromDateTime': '6/17/2024 2:00:00 PM', 'ToDateTime': '8/16/2024 2:00:00 PM', 'DayRentValue': 0.0, 'Documents': None}]",4
100.0,2,HOUSTON LUXURY RENT A CAR,630.0,2400.0,-1.0,4,2,NISSAN SUNNY,-1,Dubai,22728,132513,Dubai,19586,2888,5,00971582920243,2023,,,4
100.0,2,HOUSTON LUXURY RENT A CAR,630.0,2400.0,-1.0,4,2,NISSAN SUNNY ,-1,Dubai,135831,139848,Dubai,29645,2888,5,00971582920243,2020,,,4
100.0,2,HOUSTON LUXURY RENT A CAR,630.0,2400.0,-1.0,4,2,NISSAN SUNNY ,-1,Dubai,23862,134693,Dubai,30488,2888,5,00971582920243,2020,,"[{'ReservationKey': 0, 'CarKey': 134693, 'CustomerName': 'Running Contract, 3682', 'CustomerMobile': None, 'ReservationStatus': 0, 'ReservationDateTime': None, 'FromDateTime': '8/1/2024 3:00:00 PM', 'ToDateTime': '8/8/2024 3:00:00 PM', 'DayRentValue': 0.0, 'Documents': None}]",4
100.0,2,HOUSTON LUXURY RENT A CAR,630.0,2400.0,-1.0,4,2,NISSAN KICKS ,-1,Dubai,143899,134825,Dubai,87429,2888,5,00971582920243,2020,,,4
100.0,2,HOUSTON LUXURY RENT A CAR,630.0,2400.0,-1.0,4,2,NISSAN  SUNNY ,-1,Dubai,27896,142222,Dubai,78954,2888,5,00971582920243,2023,,"[{'ReservationKey': 0, 'CarKey': 142222, 'CustomerName': 'Running Contract, 3671', 'CustomerMobile': None, 'ReservationStatus': 0, 'ReservationDateTime': None, 'FromDateTime': '7/29/2024 10:35:00 AM', 'ToDateTime': '8/22/2024 10:35:00 AM', 'DayRentValue': 0.0, 'Documents': None}]",4
100.0,2,HOUSTON LUXURY RENT A CAR,630.0,2400.0,-1.0,4,2,NISSAN SUNNY ,-1,Dubai,27481,142241,Dubai,78960,2888,5,00971582920243,2023,,"[{'ReservationKey': 0, 'CarKey': 142241, 'CustomerName': 'Running Contract, 1472', 'CustomerMobile': None, 'ReservationStatus': 0, 'ReservationDateTime': None, 'FromDateTime': '7/30/2024 12:27:19 PM', 'ToDateTime': '8/2/2024 12:27:19 PM', 'DayRentValue': 0.0, 'Documents': None}]",4
100.0,2,HOUSTON LUXURY RENT A CAR,630.0,2400.0,-1.0,4,2,nissan sunny ,-1,Dubai,17285,140947,Dubai,31051,2888,5,00971582920243,2020,,,4
100.0,2,HOUSTON LUXURY RENT A CAR,630.0,2400.0,-1.0,4,2,NISSAN SUNNY ,-1,Dubai,18668,140966,Dubai,62738,2888,5,00971582920243,2023,,"[{'ReservationKey': 0, 'CarKey': 140966, 'CustomerName': 'Running Contract, 1315', 'CustomerMobile': None, 'ReservationStatus': 0, 'ReservationDateTime': None, 'FromDateTime': '6/27/2024 5:15:00 PM', 'ToDateTime': '8/11/2024 5:15:00 PM', 'DayRentValue': 0.0, 'Documents': None}]",4
100.0,2,HOUSTON LUXURY RENT A CAR,630.0,2400.0,-1.0,4,2,LAND CRUISER TOYOTA,-1,Dubai,76941,42932,Dubai,82319,2888,5,00971582920243,2022,,"[{'ReservationKey': 0, 'CarKey': 42932, 'CustomerName': 'Running Contract, 815', 'CustomerMobile': None, 'ReservationStatus': 0, 'ReservationDateTime': None, 'FromDateTime': '7/12/2024 10:15:00 PM', 'ToDateTime': '7/17/2024 10:15:00 PM', 'DayRentValue': 0.0, 'Documents': None}]",4
100.0,2,HOUSTON LUXURY RENT A CAR,630.0,2400.0,-1.0,4,2,Mercedes G63,-1,Dubai,4414,42934,Dubai,82168,2888,5,00971582920243,2022,,,4
100.0,2,HOUSTON LUXURY RENT A CAR,630.0,2400.0,-1.0,4,2,RENAULT DUSTER,-1,Dubai,39891,42942,Dubai,60594,2888,5,00971582920243,2019,,,4
100.0,2,HOUSTON LUXURY RENT A CAR,630.0,2400.0,-1.0,4,2,NISSAN SUNNY,-1,Dubai,158228,134660,Dubai,18892,2888,5,00971582920243,2019,,,4
100.0,2,HOUSTON LUXURY RENT A CAR,630.0,2400.0,-1.0,4,2,RENUALT SYMBOL,-1,Dubai,125504,141019,Dubai,65918,2888,5,00971582920243,2020,,"[{'ReservationKey': 0, 'CarKey': 141019, 'CustomerName': 'Running Contract, 328', 'CustomerMobile': None, 'ReservationStatus': 0, 'ReservationDateTime': None, 'FromDateTime': '7/27/2024 7:25:00 PM', 'ToDateTime': '7/30/2024 7:25:00 PM', 'DayRentValue': 0.0, 'Documents': None}]",4
100.0,2,HOUSTON LUXURY RENT A CAR,630.0,2400.0,-1.0,4,2,mitsubishi mirage,-1,Dubai,167398,141033,Dubai,46115,2888,5,00971582920243,2019,,,4
100.0,2,HOUSTON LUXURY RENT A CAR,630.0,2400.0,-1.0,4,2,RENUALT SYMBOL ,-1,Dubai,169377,141034,Dubai,63955,2888,5,00971582920243,2020,,"[{'ReservationKey': 0, 'CarKey': 141034, 'CustomerName': 'Running Contract, 619', 'CustomerMobile': None, 'ReservationStatus': 0, 'ReservationDateTime': None, 'FromDateTime': '6/23/2024 3:30:00 PM', 'ToDateTime': '6/26/2024 3:30:00 PM', 'DayRentValue': 0.0, 'Documents': None}]",4
100.0,2,HOUSTON LUXURY RENT A CAR,630.0,2400.0,-1.0,4,2,NISSAN SUNNY ,-1,Dubai,21884,141035,Dubai,78805,2888,5,00971582920243,2024,,,4
100.0,2,HOUSTON LUXURY RENT A CAR,630.0,2400.0,-1.0,4,2,TOYOTA COROLLA,-1,Dubai,82920,141039,Dubai,10476,2888,5,00971582920243,2020,,,4
100.0,2,HOUSTON LUXURY RENT A CAR,630.0,2400.0,-1.0,4,2,NISSAN SUNNY,-1,Dubai,25482,141051,Dubai,28984,2888,5,00971582920243,2023,,"[{'ReservationKey': 0, 'CarKey': 141051, 'CustomerName': 'Running Contract, 1562', 'CustomerMobile': None, 'ReservationStatus': 0, 'ReservationDateTime': None, 'FromDateTime': '7/30/2024 6:50:00 PM', 'ToDateTime': '8/2/2024 6:50:00 PM', 'DayRentValue': 0.0, 'Documents': None}]",4
100.0,2,HOUSTON LUXURY RENT A CAR,630.0,2400.0,-1.0,4,2,NISSAN SUNNY ,-1,Dubai,45611,141053,Dubai,28920,2888,5,00971582920243,2020,,"[{'ReservationKey': 0, 'CarKey': 141053, 'CustomerName': 'Running Contract, 1452', 'CustomerMobile': None, 'ReservationStatus': 0, 'ReservationDateTime': None, 'FromDateTime': '7/24/2024 12:40:00 PM', 'ToDateTime': '7/31/2024 12:40:00 PM', 'DayRentValue': 0.0, 'Documents': None}]",4
100.0,2,HOUSTON LUXURY RENT A CAR,630.0,2400.0,-1.0,4,2,NISSAN SUNNY ,-1,Dubai,25942,141055,Dubai,86082,2888,5,00971582920243,2023,,,4
100.0,2,HOUSTON LUXURY RENT A CAR,630.0,2400.0,-1.0,4,2,TOYATA CORALLA,-1,Dubai,65853,141056,Dubai,76771,2888,5,00971582920243,2019,,,4
100.0,2,HOUSTON LUXURY RENT A CAR,630.0,2400.0,-1.0,4,2,NISSAN SUNNY ,-1,Dubai,193645,141088,Dubai,56380,2888,5,00971582920243,2019,,"[{'ReservationKey': 0, 'CarKey': 141088, 'CustomerName': 'Running Contract, 588', 'CustomerMobile': None, 'ReservationStatus': 0, 'ReservationDateTime': None, 'FromDateTime': '6/25/2024 1:30:00 PM', 'ToDateTime': '7/27/2024 1:30:00 PM', 'DayRentValue': 0.0, 'Documents': None}]",4
100.0,2,HOUSTON LUXURY RENT A CAR,630.0,2400.0,-1.0,4,2,RANGE ROVER SPORT,-1,Dubai,443,42954,Dubai,31123,2888,5,00971582920243,2022,,,4
100.0,2,HOUSTON LUXURY RENT A CAR,630.0,2400.0,-1.0,4,2,RANGE ROVER SPORT,-1,Dubai,51409,42956,Dubai,80741,2888,5,00971582920243,2021,,"[{'ReservationKey': 0, 'CarKey': 42956, 'CustomerName': 'Running Contract, 275', 'CustomerMobile': None, 'ReservationStatus': 0, 'ReservationDateTime': None, 'FromDateTime': '6/6/2024 3:15:00 PM', 'ToDateTime': '6/9/2024 3:15:00 PM', 'DayRentValue': 0.0, 'Documents': None}]",4
100.0,2,HOUSTON LUXURY RENT A CAR,630.0,2400.0,-1.0,4,2,NISSAN SUNNY ,-1,Dubai,17810,134707,Dubai,80385,2888,5,00971582920243,2023,,,4
100.0,2,HOUSTON LUXURY RENT A CAR,630.0,2400.0,-1.0,4,2,"RENAULT, SYMBOL,",-1,Dubai,92189,141095,Dubai,67104,2888,5,00971582920243,2020,,,4
100.0,2,HOUSTON LUXURY RENT A CAR,630.0,2400.0,-1.0,4,2,Chevrolet Spark,-1,Dubai,100231,141096,Dubai,74208,2888,5,00971582920243,2020,,"[{'ReservationKey': 0, 'CarKey': 141096, 'CustomerName': 'Running Contract, 1308', 'CustomerMobile': None, 'ReservationStatus': 0, 'ReservationDateTime': None, 'FromDateTime': '6/25/2024 5:53:00 PM', 'ToDateTime': '8/24/2024 5:53:00 PM', 'DayRentValue': 0.0, 'Documents': None}]",4
100.0,2,HOUSTON LUXURY RENT A CAR,630.0,2400.0,-1.0,4,2,KIA PICANTO ,-1,Dubai,208902,141185,Dubai,97193,2888,5,00971582920243,2024,,,4
100.0,2,HOUSTON LUXURY RENT A CAR,630.0,2400.0,-1.0,4,2,NISSAN SUNNY ,-1,Dubai,33803,141186,Dubai,78891,2888,5,00971582920243,2023,,,4
100.0,2,HOUSTON LUXURY RENT A CAR,630.0,2400.0,-1.0,4,2,NISSAN SUNNY ,-1,Dubai,172994,141218,Dubai,55796,2888,5,00971582920243,2019,,,4
100.0,2,HOUSTON LUXURY RENT A CAR,630.0,2400.0,-1.0,4,2,NISSAN SUNNY ,-1,Dubai,27080,141219,Dubai,62596,2888,5,00971582920243,2023,,"[{'ReservationKey': 0, 'CarKey': 141219, 'CustomerName': 'Running Contract, 143', 'CustomerMobile': None, 'ReservationStatus': 0, 'ReservationDateTime': None, 'FromDateTime': '7/1/2024 9:00:00 PM', 'ToDateTime': '7/4/2024 9:00:00 PM', 'DayRentValue': 0.0, 'Documents': None}]",4
100.0,2,HOUSTON LUXURY RENT A CAR,630.0,2400.0,-1.0,4,2,renault symbol,-1,Dubai,139990,141138,Dubai,67082,2888,5,00971582920243,2020,,,4
100.0,2,HOUSTON LUXURY RENT A CAR,630.0,2400.0,-1.0,4,2,NISSAN SUNNY ,-1,Dubai,25958,141147,Dubai,62667,2888,5,00971582920243,2020,,"[{'ReservationKey': 0, 'CarKey': 141147, 'CustomerName': 'Running Contract, 1352', 'CustomerMobile': None, 'ReservationStatus': 0, 'ReservationDateTime': None, 'FromDateTime': '7/6/2024 4:40:00 PM', 'ToDateTime': '8/5/2024 4:40:00 PM', 'DayRentValue': 0.0, 'Documents': None}]",4
100.0,2,HOUSTON LUXURY RENT A CAR,630.0,2400.0,-1.0,4,2,MISSAN SENTRA ,-1,Dubai,77922,138462,Dubai,65689,2888,5,00971582920243,2022,,,4
100.0,2,HOUSTON LUXURY RENT A CAR,630.0,2400.0,-1.0,4,2,RENUALT SYMBOL,-1,Dubai,118188,138463,Dubai,67079,2888,5,00971582920243,2019,,,4
100.0,2,HOUSTON LUXURY RENT A CAR,630.0,2400.0,-1.0,4,2,NISSAN SUNNY ,-1,Dubai,17253,138468,Dubai,80391,2888,5,00971582920243,2023,,,4
100.0,2,HOUSTON LUXURY RENT A CAR,630.0,2400.0,-1.0,4,2,RENAULT SYMBOL ,-1,Dubai,157926,138479,Dubai,65923,2888,5,00971582920243,2020,,,4
100.0,2,HOUSTON LUXURY RENT A CAR,630.0,2400.0,-1.0,4,2,nissan sunny ,-1,Dubai,165181,137132,Dubai,18903,2888,5,00971582920243,2019,,,4
100.0,2,HOUSTON LUXURY RENT A CAR,630.0,2400.0,-1.0,4,2,NISSAN SUNNY,-1,Dubai,30660,138443,Dubai,78802,2888,5,00971582920243,2023,,"[{'ReservationKey': 0, 'CarKey': 138443, 'CustomerName': 'Running Contract, 1298', 'CustomerMobile': None, 'ReservationStatus': 0, 'ReservationDateTime': None, 'FromDateTime': '7/7/2024 12:20:00 PM', 'ToDateTime': '8/6/2024 12:20:00 PM', 'DayRentValue': 0.0, 'Documents': None}]",4
100.0,2,HOUSTON LUXURY RENT A CAR,630.0,2400.0,-1.0,4,2,NISSAN SUNNY ,-1,Dubai,16241,138605,Dubai,78804,2888,5,00971582920243,2023,,"[{'ReservationKey': 0, 'CarKey': 138605, 'CustomerName': 'Running Contract, 1275', 'CustomerMobile': None, 'ReservationStatus': 0, 'ReservationDateTime': None, 'FromDateTime': '6/29/2024 8:10:00 PM', 'ToDateTime': '8/8/2024 8:10:00 PM', 'DayRentValue': 0.0, 'Documents': None}]",4
100.0,2,HOUSTON LUXURY RENT A CAR,630.0,2400.0,-1.0,4,2,NISSAN SENTRA,-1,Dubai,178414,138643,Dubai,34750,2888,5,00971582920243,2020,,,4
100.0,2,HOUSTON LUXURY RENT A CAR,630.0,2400.0,-1.0,4,2,NISSAN SUNNY ,-1,Dubai,23566,138477,Dubai,19550,2888,5,00971582920243,2023,,,4
100.0,2,HOUSTON LUXURY RENT A CAR,630.0,2400.0,-1.0,4,2,NISSAN SUNNY ,-1,Dubai,18463,138708,Dubai,29539,2888,5,00971582920243,2023,,"[{'ReservationKey': 0, 'CarKey': 138708, 'CustomerName': 'Running Contract, 584', 'CustomerMobile': None, 'ReservationStatus': 0, 'ReservationDateTime': None, 'FromDateTime': '6/24/2024 2:30:00 PM', 'ToDateTime': '7/24/2024 2:30:00 PM', 'DayRentValue': 0.0, 'Documents': None}]",4
100.0,2,HOUSTON LUXURY RENT A CAR,630.0,2400.0,-1.0,4,2,RENAULT SYMBOL ,-1,Dubai,139762,138487,Dubai,65928,2888,5,00971582920243,2020,,"[{'ReservationKey': 0, 'CarKey': 138487, 'CustomerName': 'Running Contract, 1463', 'CustomerMobile': None, 'ReservationStatus': 0, 'ReservationDateTime': None, 'FromDateTime': '7/28/2024 5:50:00 PM', 'ToDateTime': '8/10/2024 5:50:00 PM', 'DayRentValue': 0.0, 'Documents': None}]",4
100.0,2,HOUSTON LUXURY RENT A CAR,630.0,2400.0,-1.0,4,2,NISSAN SUNNY,-1,Dubai,106694,138727,Dubai,29886,2888,5,00971582920243,2018,,,4
100.0,2,HOUSTON LUXURY RENT A CAR,630.0,2400.0,-1.0,4,2,NISSAN SUNNY ,-1,Dubai,28593,138728,Dubai,85739,2888,5,00971582920243,2023,,,4
100.0,2,HOUSTON LUXURY RENT A CAR,630.0,2400.0,-1.0,4,2,NISSAN SUNNY ,-1,Dubai,20038,138741,Dubai,80357,2888,5,00971582920243,2023,,,4
100.0,2,HOUSTON LUXURY RENT A CAR,630.0,2400.0,-1.0,4,2,NISSAN SENTRA ,-1,Dubai,144014,137255,Dubai,93455,2888,5,00971582920243,2019,,,4
100.0,2,HOUSTON LUXURY RENT A CAR,630.0,2400.0,-1.0,4,2,RENUALT SYMBOL,-1,Dubai,114831,137288,Dubai,17586,2888,5,00971582920243,2019,,,4
100.0,2,HOUSTON LUXURY RENT A CAR,630.0,2400.0,-1.0,4,2,NISSAN SUNNY ,-1,Dubai,25751,138361,Dubai,80336,2888,5,00971582920243,2023,,"[{'ReservationKey': 0, 'CarKey': 138361, 'CustomerName': 'Running Contract, 1280', 'CustomerMobile': None, 'ReservationStatus': 0, 'ReservationDateTime': None, 'FromDateTime': '7/2/2024 12:40:00 PM', 'ToDateTime': '7/31/2024 12:40:00 PM', 'DayRentValue': 0.0, 'Documents': None}]",4
100.0,2,HOUSTON LUXURY RENT A CAR,630.0,2400.0,-1.0,4,2,NISSAN SUNNY,-1,Dubai,137104,138363,Dubai,18947,2888,5,00971582920243,2019,,,4
100.0,2,HOUSTON LUXURY RENT A CAR,630.0,2400.0,-1.0,4,2,NISSAN SUNNY ,-1,Dubai,20512,138381,Dubai,85455,2888,5,00971582920243,2023,,"[{'ReservationKey': 0, 'CarKey': 138381, 'CustomerName': 'Running Contract, 882', 'CustomerMobile': None, 'ReservationStatus': 0, 'ReservationDateTime': None, 'FromDateTime': '6/7/2024 10:50:00 AM', 'ToDateTime': '8/6/2024 10:50:00 AM', 'DayRentValue': 0.0, 'Documents': None}]",4
100.0,2,HOUSTON LUXURY RENT A CAR,630.0,2400.0,-1.0,4,2,NISSAN SUNNY,-1,Dubai,149899,138383,Dubai,36021,2888,5,00971582920243,2019,,,4
100.0,2,HOUSTON LUXURY RENT A CAR,630.0,2400.0,-1.0,4,2,NISSAN SUNNY ,-1,Dubai,24743,138391,Dubai,19560,2888,5,00971582920243,2020,,,4
100.0,2,HOUSTON LUXURY RENT A CAR,630.0,2400.0,-1.0,4,2,NISSAN SUNNY ,-1,Dubai,18215,138470,Dubai,78835,2888,5,00971582920243,2023,,"[{'ReservationKey': 0, 'CarKey': 138470, 'CustomerName': 'Running Contract, 1469', 'CustomerMobile': None, 'ReservationStatus': 0, 'ReservationDateTime': None, 'FromDateTime': '7/29/2024 3:10:00 PM', 'ToDateTime': '8/28/2024 3:10:00 PM', 'DayRentValue': 0.0, 'Documents': None}]",4
100.0,2,HOUSTON LUXURY RENT A CAR,630.0,2400.0,-1.0,4,2,RENOUT SAMBYOL,-1,Dubai,162875,128750,Dubai,82472,2888,5,00971582920243,2024,,,4
100.0,2,HOUSTON LUXURY RENT A CAR,630.0,2400.0,-1.0,4,2,NISSAN SUNNY ,-1,Dubai,23944,138783,Dubai,78966,2888,5,00971582920243,2023,,,4
100.0,2,HOUSTON LUXURY RENT A CAR,630.0,2400.0,-1.0,4,2,INFINITY ,-1,Dubai,71182,139799,Dubai,25087,2888,5,00971582920243,2020,,"[{'ReservationKey': 0, 'CarKey': 139799, 'CustomerName': 'Running Contract, 817', 'CustomerMobile': None, 'ReservationStatus': 0, 'ReservationDateTime': None, 'FromDateTime': '7/16/2024 8:50:00 PM', 'ToDateTime': '7/17/2024 8:50:00 PM', 'DayRentValue': 0.0, 'Documents': None}]",4
100.0,2,HOUSTON LUXURY RENT A CAR,630.0,2400.0,-1.0,4,2,RENUALT SYMBOL,-1,Dubai,134087,139801,Dubai,67096,2888,5,00971582920243,2020,,,4
100.0,2,HOUSTON LUXURY RENT A CAR,630.0,2400.0,-1.0,4,2,RENAULT SAYMBOL,-1,Dubai,115529,139808,Dubai,55913,2888,5,00971582920243,2020,,,4
100.0,2,HOUSTON LUXURY RENT A CAR,630.0,2400.0,-1.0,4,2,NISSAN SUNNY ,-1,Dubai,187259,139810,Dubai,35437,2888,5,00971582920243,2018,,,4
100.0,2,HOUSTON LUXURY RENT A CAR,630.0,2400.0,-1.0,4,2,NISSAN SUNNY ,-1,Dubai,154396,139811,Dubai,29455,2888,5,00971582920243,2019,,,4
100.0,2,HOUSTON LUXURY RENT A CAR,630.0,2400.0,-1.0,4,2,NISSAN SUNNY ,-1,Dubai,168060,138791,Dubai,29704,2888,5,00971582920243,2020,,"[{'ReservationKey': 0, 'CarKey': 138791, 'CustomerName': 'Running Contract, 566', 'CustomerMobile': None, 'ReservationStatus': 0, 'ReservationDateTime': None, 'FromDateTime': '6/15/2024 4:15:00 PM', 'ToDateTime': '7/15/2024 4:15:00 PM', 'DayRentValue': 0.0, 'Documents': None}]",4
100.0,2,HOUSTON LUXURY RENT A CAR,630.0,2400.0,-1.0,4,2,NISSAN SUNNY ,-1,Dubai,25128,138792,Dubai,49233,2888,5,00971582920243,2023,,"[{'ReservationKey': 0, 'CarKey': 138792, 'CustomerName': 'Running Contract, 1451', 'CustomerMobile': None, 'ReservationStatus': 0, 'ReservationDateTime': None, 'FromDateTime': '7/24/2024 11:10:00 AM', 'ToDateTime': '8/23/2024 11:10:00 AM', 'DayRentValue': 0.0, 'Documents': None}]",4
100.0,2,HOUSTON LUXURY RENT A CAR,630.0,2400.0,-1.0,4,2,NISSAN SUNNY ,-1,Dubai,21350,138793,Dubai,86039,2888,5,00971582920243,2023,,,4
100.0,2,HOUSTON LUXURY RENT A CAR,630.0,2400.0,-1.0,4,2,NISSAN KICKS ,-1,Dubai,148190,139829,Dubai,81987,2888,5,00971582920243,2020,,,4
100.0,2,HOUSTON LUXURY RENT A CAR,630.0,2400.0,-1.0,4,2,"RENAULT, SYMBOL",-1,Dubai,109886,139846,Dubai,67085,2888,5,00971582920243,2024,,,4
100.0,2,HOUSTON LUXURY RENT A CAR,630.0,2400.0,-1.0,4,2,NISSAN SUNNY,-1,Dubai,30112,139850,Dubai,85196,2888,5,00971582920243,2023,,"[{'ReservationKey': 0, 'CarKey': 139850, 'CustomerName': 'Running Contract, 3715', 'CustomerMobile': None, 'ReservationStatus': 0, 'ReservationDateTime': None, 'FromDateTime': '7/27/2024 1:15:00 PM', 'ToDateTime': '8/1/2024 1:15:00 PM', 'DayRentValue': 0.0, 'Documents': None}]",4
100.0,2,HOUSTON LUXURY RENT A CAR,630.0,2400.0,-1.0,4,2,"RENAULT, SYMBOL",-1,Dubai,100678,139851,Dubai,66170,2888,5,00971582920243,2024,,"[{'ReservationKey': 0, 'CarKey': 139851, 'CustomerName': 'Running Contract, 1479', 'CustomerMobile': None, 'ReservationStatus': 0, 'ReservationDateTime': None, 'FromDateTime': '8/1/2024 4:40:00 PM', 'ToDateTime': '8/6/2024 4:40:00 PM', 'DayRentValue': 0.0, 'Documents': None}]",4
100.0,2,HOUSTON LUXURY RENT A CAR,630.0,2400.0,-1.0,4,2,NISSAN SUNNY,-1,Dubai,184959,138786,Dubai,55761,2888,5,00971582920243,2024,,,4
100.0,2,HOUSTON LUXURY RENT A CAR,630.0,2400.0,-1.0,4,2,NISSAN SUNNY ,-1,Dubai,133657,138790,Dubai,18905,2888,5,00971582920243,2018,,,4
100.0,2,HOUSTON LUXURY RENT A CAR,630.0,2400.0,-1.0,4,2,NISSAN SUNNY ,-1,Dubai,29024,139800,Dubai,27920,2888,5,00971582920243,2023,,,4
100.0,2,HOUSTON LUXURY RENT A CAR,630.0,2400.0,-1.0,4,2,NISSAN ROGUE,-1,Dubai,141902,139805,Dubai,76804,2888,5,00971582920243,2020,,,4
100.0,2,HOUSTON LUXURY RENT A CAR,630.0,2400.0,-1.0,4,2,NISSAN KICKS ,-1,Dubai,19182,139806,Dubai,50422,2888,5,00971582920243,2020,,,4
100.0,2,HOUSTON LUXURY RENT A CAR,630.0,2400.0,-1.0,4,2,RENUALT DUSTER ,-1,Dubai,40897,139814,Dubai,32671,2888,5,00971582920243,2023,,,4
100.0,2,HOUSTON LUXURY RENT A CAR,630.0,2400.0,-1.0,4,2,CHEVROLET SPARK,-1,Dubai,107345,139837,Dubai,74211,2888,5,00971582920243,2020,,,4
2000.0,2,HOUSTON LUXURY RENT A CAR,14000.0,60000.0,-1.0,4,2,Range Rover SVR,-1,Dubai,5201,42936,Dubai,80566,2888,5,00971582920243,2022,,,4
